/*
Navicat MySQL Data Transfer

Source Server         : local
Source Server Version : 50553
Source Host           : localhost:3306
Source Database       : cert

Target Server Type    : MYSQL
Target Server Version : 50553
File Encoding         : 65001

Date: 2018-05-16 14:56:18
*/

SET FOREIGN_KEY_CHECKS=0;

-- ----------------------------
-- Table structure for `c_certificates`
-- ----------------------------
DROP TABLE IF EXISTS `c_certificates`;
CREATE TABLE `c_certificates` (
  `Id` varchar(50) NOT NULL,
  `FullName` varchar(50) DEFAULT NULL,
  `SortCode` int(11) DEFAULT NULL,
  `Gender` int(11) DEFAULT NULL,
  `IdCard` varchar(50) DEFAULT NULL,
  `ProjectName` varchar(200) DEFAULT NULL,
  `Number` varchar(50) DEFAULT NULL,
  `CertificationTime` timestamp NOT NULL DEFAULT CURRENT_TIMESTAMP ON UPDATE CURRENT_TIMESTAMP,
  `DeleteMark` tinyint(4) DEFAULT NULL,
  `EnabledMark` tinyint(4) DEFAULT NULL,
  `Description` varchar(255) DEFAULT NULL,
  `CreatorTime` timestamp NOT NULL DEFAULT '0000-00-00 00:00:00',
  `CreatorUserId` varchar(50) DEFAULT NULL,
  `LastModifyTime` timestamp NOT NULL DEFAULT '0000-00-00 00:00:00',
  `LastModifyUserId` varchar(50) DEFAULT NULL,
  `DeleteTime` timestamp NOT NULL DEFAULT '0000-00-00 00:00:00',
  `DeleteUserId` varchar(50) DEFAULT NULL,
  `ProjectType` varchar(200) DEFAULT NULL,
  PRIMARY KEY (`Id`)
) ENGINE=MyISAM DEFAULT CHARSET=utf8;

-- ----------------------------
-- Records of c_certificates
-- ----------------------------

-- ----------------------------
-- Table structure for `sys_area`
-- ----------------------------
DROP TABLE IF EXISTS `sys_area`;
CREATE TABLE `sys_area` (
  `Id` varchar(50) NOT NULL,
  `ParentId` varchar(50) DEFAULT NULL,
  `Layers` int(11) DEFAULT NULL,
  `EnCode` varchar(50) DEFAULT NULL,
  `FullName` varchar(50) DEFAULT NULL,
  `SimpleSpelling` varchar(50) DEFAULT NULL,
  `SortCode` int(11) DEFAULT NULL,
  `DeleteMark` tinyint(4) DEFAULT NULL,
  `EnabledMark` tinyint(4) DEFAULT NULL,
  `Description` varchar(255) DEFAULT NULL,
  `CreatorTime` timestamp NOT NULL DEFAULT CURRENT_TIMESTAMP ON UPDATE CURRENT_TIMESTAMP,
  `CreatorUserId` varchar(50) DEFAULT NULL,
  `LastModifyTime` timestamp NOT NULL DEFAULT '0000-00-00 00:00:00',
  `LastModifyUserId` varchar(50) DEFAULT NULL,
  `DeleteTime` timestamp NOT NULL DEFAULT '0000-00-00 00:00:00',
  `DeleteUserId` varchar(50) DEFAULT NULL,
  PRIMARY KEY (`Id`)
) ENGINE=MyISAM DEFAULT CHARSET=utf8;

-- ----------------------------
-- Records of sys_area
-- ----------------------------
INSERT INTO `sys_area` VALUES ('120100', '120000', '2', '120100', '天津市', 'tjs', '120100', null, '1', null, '2016-07-20 00:00:00', null, '2018-05-15 17:02:58', null, '2018-05-15 17:02:58', null);
INSERT INTO `sys_area` VALUES ('130100', '130000', '2', '130100', '石家庄市', 'sjzs', '130100', null, '1', null, '2016-07-20 00:00:00', null, '2018-05-15 17:02:58', null, '2018-05-15 17:02:58', null);
INSERT INTO `sys_area` VALUES ('130200', '130000', '2', '130200', '唐山市', 'tss', '130200', null, '1', null, '2016-07-20 00:00:00', null, '2018-05-15 17:02:58', null, '2018-05-15 17:02:58', null);
INSERT INTO `sys_area` VALUES ('130300', '130000', '2', '130300', '秦皇岛市', 'qhds', '130300', null, '1', null, '2016-07-20 00:00:00', null, '2018-05-15 17:02:58', null, '2018-05-15 17:02:58', null);
INSERT INTO `sys_area` VALUES ('130400', '130000', '2', '130400', '邯郸市', 'hds', '130400', null, '1', null, '2016-07-20 00:00:00', null, '2018-05-15 17:02:58', null, '2018-05-15 17:02:58', null);
INSERT INTO `sys_area` VALUES ('130500', '130000', '2', '130500', '邢台市', 'xts', '130500', null, '1', null, '2016-07-20 00:00:00', null, '2018-05-15 17:02:58', null, '2018-05-15 17:02:58', null);
INSERT INTO `sys_area` VALUES ('130600', '130000', '2', '130600', '保定市', 'bds', '130600', null, '1', null, '2016-07-20 00:00:00', null, '2018-05-15 17:02:58', null, '2018-05-15 17:02:58', null);
INSERT INTO `sys_area` VALUES ('130700', '130000', '2', '130700', '张家口市', 'zjks', '130700', null, '1', null, '2016-07-20 00:00:00', null, '2018-05-15 17:02:58', null, '2018-05-15 17:02:58', null);
INSERT INTO `sys_area` VALUES ('130800', '130000', '2', '130800', '承德市', 'cds', '130800', null, '1', null, '2016-07-20 00:00:00', null, '2018-05-15 17:02:58', null, '2018-05-15 17:02:58', null);
INSERT INTO `sys_area` VALUES ('130900', '130000', '2', '130900', '沧州市', 'czs', '130900', null, '1', null, '2016-07-20 00:00:00', null, '2018-05-15 17:02:58', null, '2018-05-15 17:02:58', null);
INSERT INTO `sys_area` VALUES ('131000', '130000', '2', '131000', '廊坊市', 'lfs', '131000', null, '1', null, '2016-07-20 00:00:00', null, '2018-05-15 17:02:58', null, '2018-05-15 17:02:58', null);
INSERT INTO `sys_area` VALUES ('131100', '130000', '2', '131100', '衡水市', 'hss', '131100', null, '1', null, '2016-07-20 00:00:00', null, '2018-05-15 17:02:58', null, '2018-05-15 17:02:58', null);
INSERT INTO `sys_area` VALUES ('140100', '140000', '2', '140100', '太原市', 'tys', '140100', null, '1', null, '2016-07-20 00:00:00', null, '2018-05-15 17:02:58', null, '2018-05-15 17:02:58', null);
INSERT INTO `sys_area` VALUES ('140200', '140000', '2', '140200', '大同市', 'dts', '140200', null, '1', null, '2016-07-20 00:00:00', null, '2018-05-15 17:02:58', null, '2018-05-15 17:02:58', null);
INSERT INTO `sys_area` VALUES ('140300', '140000', '2', '140300', '阳泉市', 'yqs', '140300', null, '1', null, '2016-07-20 00:00:00', null, '2018-05-15 17:02:58', null, '2018-05-15 17:02:58', null);
INSERT INTO `sys_area` VALUES ('140400', '140000', '2', '140400', '长治市', 'czs', '140400', null, '1', null, '2016-07-20 00:00:00', null, '2018-05-15 17:02:58', null, '2018-05-15 17:02:58', null);
INSERT INTO `sys_area` VALUES ('140500', '140000', '2', '140500', '晋城市', 'jcs', '140500', null, '1', null, '2016-07-20 00:00:00', null, '2018-05-15 17:02:58', null, '2018-05-15 17:02:58', null);
INSERT INTO `sys_area` VALUES ('140600', '140000', '2', '140600', '朔州市', 'szs', '140600', null, '1', null, '2016-07-20 00:00:00', null, '2018-05-15 17:02:58', null, '2018-05-15 17:02:58', null);
INSERT INTO `sys_area` VALUES ('140700', '140000', '2', '140700', '晋中市', 'jzs', '140700', null, '1', null, '2016-07-20 00:00:00', null, '2018-05-15 17:02:58', null, '2018-05-15 17:02:58', null);
INSERT INTO `sys_area` VALUES ('140800', '140000', '2', '140800', '运城市', 'ycs', '140800', null, '1', null, '2016-07-20 00:00:00', null, '2018-05-15 17:02:58', null, '2018-05-15 17:02:58', null);
INSERT INTO `sys_area` VALUES ('140900', '140000', '2', '140900', '忻州市', 'xzs', '140900', null, '1', null, '2016-07-20 00:00:00', null, '2018-05-15 17:02:58', null, '2018-05-15 17:02:58', null);
INSERT INTO `sys_area` VALUES ('141000', '140000', '2', '141000', '临汾市', 'lfs', '141000', null, '1', null, '2016-07-20 00:00:00', null, '2018-05-15 17:02:58', null, '2018-05-15 17:02:58', null);
INSERT INTO `sys_area` VALUES ('141100', '140000', '2', '141100', '吕梁市', 'lls', '141100', null, '1', null, '2016-07-20 00:00:00', null, '2018-05-15 17:02:58', null, '2018-05-15 17:02:58', null);
INSERT INTO `sys_area` VALUES ('150100', '150000', '2', '150100', '呼和浩特市', 'hhhts', '150100', null, '1', null, '2016-07-20 00:00:00', null, '2018-05-15 17:02:58', null, '2018-05-15 17:02:58', null);
INSERT INTO `sys_area` VALUES ('150200', '150000', '2', '150200', '包头市', 'bts', '150200', null, '1', null, '2016-07-20 00:00:00', null, '2018-05-15 17:02:58', null, '2018-05-15 17:02:58', null);
INSERT INTO `sys_area` VALUES ('150300', '150000', '2', '150300', '乌海市', 'whs', '150300', null, '1', null, '2016-07-20 00:00:00', null, '2018-05-15 17:02:58', null, '2018-05-15 17:02:58', null);
INSERT INTO `sys_area` VALUES ('150400', '150000', '2', '150400', '赤峰市', 'cfs', '150400', null, '1', null, '2016-07-20 00:00:00', null, '2018-05-15 17:02:58', null, '2018-05-15 17:02:58', null);
INSERT INTO `sys_area` VALUES ('150500', '150000', '2', '150500', '通辽市', 'tls', '150500', null, '1', null, '2016-07-20 00:00:00', null, '2018-05-15 17:02:58', null, '2018-05-15 17:02:58', null);
INSERT INTO `sys_area` VALUES ('150600', '150000', '2', '150600', '鄂尔多斯市', 'eedss', '150600', null, '1', null, '2016-07-20 00:00:00', null, '2018-05-15 17:02:58', null, '2018-05-15 17:02:58', null);
INSERT INTO `sys_area` VALUES ('150700', '150000', '2', '150700', '呼伦贝尔市', 'hlbes', '150700', null, '1', null, '2016-07-20 00:00:00', null, '2018-05-15 17:02:58', null, '2018-05-15 17:02:58', null);
INSERT INTO `sys_area` VALUES ('150800', '150000', '2', '150800', '巴彦淖尔市', 'bynes', '150800', null, '1', null, '2016-07-20 00:00:00', null, '2018-05-15 17:02:58', null, '2018-05-15 17:02:58', null);
INSERT INTO `sys_area` VALUES ('340400', '340000', '2', '340400', '淮南市', 'hns', '340400', null, '1', null, '2016-07-20 00:00:00', null, '2018-05-15 17:02:58', null, '2018-05-15 17:02:58', null);
INSERT INTO `sys_area` VALUES ('340500', '340000', '2', '340500', '马鞍山市', 'mass', '340500', null, '1', null, '2016-07-20 00:00:00', null, '2018-05-15 17:02:58', null, '2018-05-15 17:02:58', null);
INSERT INTO `sys_area` VALUES ('340600', '340000', '2', '340600', '淮北市', 'hbs', '340600', null, '1', null, '2016-07-20 00:00:00', null, '2018-05-15 17:02:58', null, '2018-05-15 17:02:58', null);
INSERT INTO `sys_area` VALUES ('340700', '340000', '2', '340700', '铜陵市', 'tls', '340700', null, '1', null, '2016-07-20 00:00:00', null, '2018-05-15 17:02:58', null, '2018-05-15 17:02:58', null);
INSERT INTO `sys_area` VALUES ('340800', '340000', '2', '340800', '安庆市', 'aqs', '340800', null, '1', null, '2016-07-20 00:00:00', null, '2018-05-15 17:02:58', null, '2018-05-15 17:02:58', null);
INSERT INTO `sys_area` VALUES ('341000', '340000', '2', '341000', '黄山市', 'hss', '341000', null, '1', null, '2016-07-20 00:00:00', null, '2018-05-15 17:02:58', null, '2018-05-15 17:02:58', null);
INSERT INTO `sys_area` VALUES ('341100', '340000', '2', '341100', '滁州市', 'czs', '341100', null, '1', null, '2016-07-20 00:00:00', null, '2018-05-15 17:02:58', null, '2018-05-15 17:02:58', null);
INSERT INTO `sys_area` VALUES ('341200', '340000', '2', '341200', '阜阳市', 'fys', '341200', null, '1', null, '2016-07-20 00:00:00', null, '2018-05-15 17:02:58', null, '2018-05-15 17:02:58', null);
INSERT INTO `sys_area` VALUES ('341300', '340000', '2', '341300', '宿州市', 'szs', '341300', null, '1', null, '2016-07-20 00:00:00', null, '2018-05-15 17:02:58', null, '2018-05-15 17:02:58', null);
INSERT INTO `sys_area` VALUES ('341500', '340000', '2', '341500', '六安市', 'las', '341500', null, '1', null, '2016-07-20 00:00:00', null, '2018-05-15 17:02:58', null, '2018-05-15 17:02:58', null);
INSERT INTO `sys_area` VALUES ('341600', '340000', '2', '341600', '亳州市', 'bzs', '341600', null, '1', null, '2016-07-20 00:00:00', null, '2018-05-15 17:02:58', null, '2018-05-15 17:02:58', null);
INSERT INTO `sys_area` VALUES ('341700', '340000', '2', '341700', '池州市', 'czs', '341700', null, '1', null, '2016-07-20 00:00:00', null, '2018-05-15 17:02:58', null, '2018-05-15 17:02:58', null);
INSERT INTO `sys_area` VALUES ('341800', '340000', '2', '341800', '宣城市', 'xcs', '341800', null, '1', null, '2016-07-20 00:00:00', null, '2018-05-15 17:02:58', null, '2018-05-15 17:02:58', null);
INSERT INTO `sys_area` VALUES ('350100', '350000', '2', '350100', '福州市', 'fzs', '350100', null, '1', null, '2016-07-20 00:00:00', null, '2018-05-15 17:02:58', null, '2018-05-15 17:02:58', null);
INSERT INTO `sys_area` VALUES ('350200', '350000', '2', '350200', '厦门市', 'xms', '350200', null, '1', null, '2016-07-20 00:00:00', null, '2018-05-15 17:02:58', null, '2018-05-15 17:02:58', null);
INSERT INTO `sys_area` VALUES ('350300', '350000', '2', '350300', '莆田市', 'pts', '350300', null, '1', null, '2016-07-20 00:00:00', null, '2018-05-15 17:02:58', null, '2018-05-15 17:02:58', null);
INSERT INTO `sys_area` VALUES ('350400', '350000', '2', '350400', '三明市', 'sms', '350400', null, '1', null, '2016-07-20 00:00:00', null, '2018-05-15 17:02:58', null, '2018-05-15 17:02:58', null);
INSERT INTO `sys_area` VALUES ('350500', '350000', '2', '350500', '泉州市', 'qzs', '350500', null, '1', null, '2016-07-20 00:00:00', null, '2018-05-15 17:02:58', null, '2018-05-15 17:02:58', null);
INSERT INTO `sys_area` VALUES ('350600', '350000', '2', '350600', '漳州市', 'zzs', '350600', null, '1', null, '2016-07-20 00:00:00', null, '2018-05-15 17:02:58', null, '2018-05-15 17:02:58', null);
INSERT INTO `sys_area` VALUES ('350700', '350000', '2', '350700', '南平市', 'nps', '350700', null, '1', null, '2016-07-20 00:00:00', null, '2018-05-15 17:02:58', null, '2018-05-15 17:02:58', null);
INSERT INTO `sys_area` VALUES ('350800', '350000', '2', '350800', '龙岩市', 'lys', '350800', null, '1', null, '2016-07-20 00:00:00', null, '2018-05-15 17:02:58', null, '2018-05-15 17:02:58', null);
INSERT INTO `sys_area` VALUES ('350900', '350000', '2', '350900', '宁德市', 'nds', '350900', null, '1', null, '2016-07-20 00:00:00', null, '2018-05-15 17:02:58', null, '2018-05-15 17:02:58', null);
INSERT INTO `sys_area` VALUES ('360100', '360000', '2', '360100', '南昌市', 'ncs', '360100', null, '1', null, '2016-07-20 00:00:00', null, '2018-05-15 17:02:58', null, '2018-05-15 17:02:58', null);
INSERT INTO `sys_area` VALUES ('360200', '360000', '2', '360200', '景德镇市', 'jdzs', '360200', null, '1', null, '2016-07-20 00:00:00', null, '2018-05-15 17:02:58', null, '2018-05-15 17:02:58', null);
INSERT INTO `sys_area` VALUES ('360300', '360000', '2', '360300', '萍乡市', 'pxs', '360300', null, '1', null, '2016-07-20 00:00:00', null, '2018-05-15 17:02:58', null, '2018-05-15 17:02:58', null);
INSERT INTO `sys_area` VALUES ('360400', '360000', '2', '360400', '九江市', 'jjs', '360400', null, '1', null, '2016-07-20 00:00:00', null, '2018-05-15 17:02:58', null, '2018-05-15 17:02:58', null);
INSERT INTO `sys_area` VALUES ('360500', '360000', '2', '360500', '新余市', 'xys', '360500', null, '1', null, '2016-07-20 00:00:00', null, '2018-05-15 17:02:58', null, '2018-05-15 17:02:58', null);
INSERT INTO `sys_area` VALUES ('360600', '360000', '2', '360600', '鹰潭市', 'yts', '360600', null, '1', null, '2016-07-20 00:00:00', null, '2018-05-15 17:02:58', null, '2018-05-15 17:02:58', null);
INSERT INTO `sys_area` VALUES ('360700', '360000', '2', '360700', '赣州市', 'gzs', '360700', null, '1', null, '2016-07-20 00:00:00', null, '2018-05-15 17:02:58', null, '2018-05-15 17:02:58', null);
INSERT INTO `sys_area` VALUES ('360800', '360000', '2', '360800', '吉安市', 'jas', '360800', null, '1', null, '2016-07-20 00:00:00', null, '2018-05-15 17:02:58', null, '2018-05-15 17:02:58', null);
INSERT INTO `sys_area` VALUES ('360900', '360000', '2', '360900', '宜春市', 'ycs', '360900', null, '1', null, '2016-07-20 00:00:00', null, '2018-05-15 17:02:58', null, '2018-05-15 17:02:58', null);
INSERT INTO `sys_area` VALUES ('361000', '360000', '2', '361000', '抚州市', 'fzs', '361000', null, '1', null, '2016-07-20 00:00:00', null, '2018-05-15 17:02:58', null, '2018-05-15 17:02:58', null);
INSERT INTO `sys_area` VALUES ('361100', '360000', '2', '361100', '上饶市', 'srs', '361100', null, '1', null, '2016-07-20 00:00:00', null, '2018-05-15 17:02:58', null, '2018-05-15 17:02:58', null);
INSERT INTO `sys_area` VALUES ('370100', '370000', '2', '370100', '济南市', 'jns', '370100', null, '1', null, '2016-07-20 00:00:00', null, '2018-05-15 17:02:58', null, '2018-05-15 17:02:58', null);
INSERT INTO `sys_area` VALUES ('370200', '370000', '2', '370200', '青岛市', 'qds', '370200', null, '1', null, '2016-07-20 00:00:00', null, '2018-05-15 17:02:58', null, '2018-05-15 17:02:58', null);
INSERT INTO `sys_area` VALUES ('370300', '370000', '2', '370300', '淄博市', 'zbs', '370300', null, '1', null, '2016-07-20 00:00:00', null, '2018-05-15 17:02:58', null, '2018-05-15 17:02:58', null);
INSERT INTO `sys_area` VALUES ('370400', '370000', '2', '370400', '枣庄市', 'zzs', '370400', null, '1', null, '2016-07-20 00:00:00', null, '2018-05-15 17:02:58', null, '2018-05-15 17:02:58', null);
INSERT INTO `sys_area` VALUES ('370500', '370000', '2', '370500', '东营市', 'dys', '370500', null, '1', null, '2016-07-20 00:00:00', null, '2018-05-15 17:02:58', null, '2018-05-15 17:02:58', null);
INSERT INTO `sys_area` VALUES ('370600', '370000', '2', '370600', '烟台市', 'yts', '370600', null, '1', null, '2016-07-20 00:00:00', null, '2018-05-15 17:02:58', null, '2018-05-15 17:02:58', null);
INSERT INTO `sys_area` VALUES ('370700', '370000', '2', '370700', '潍坊市', 'wfs', '370700', null, '1', null, '2016-07-20 00:00:00', null, '2018-05-15 17:02:58', null, '2018-05-15 17:02:58', null);
INSERT INTO `sys_area` VALUES ('370800', '370000', '2', '370800', '济宁市', 'jns', '370800', null, '1', null, '2016-07-20 00:00:00', null, '2018-05-15 17:02:58', null, '2018-05-15 17:02:58', null);
INSERT INTO `sys_area` VALUES ('370900', '370000', '2', '370900', '泰安市', 'tas', '370900', null, '1', null, '2016-07-20 00:00:00', null, '2018-05-15 17:02:58', null, '2018-05-15 17:02:58', null);
INSERT INTO `sys_area` VALUES ('371000', '370000', '2', '371000', '威海市', 'whs', '371000', null, '1', null, '2016-07-20 00:00:00', null, '2018-05-15 17:02:58', null, '2018-05-15 17:02:58', null);
INSERT INTO `sys_area` VALUES ('371100', '370000', '2', '371100', '日照市', 'rzs', '371100', null, '1', null, '2016-07-20 00:00:00', null, '2018-05-15 17:02:58', null, '2018-05-15 17:02:58', null);
INSERT INTO `sys_area` VALUES ('371200', '370000', '2', '371200', '莱芜市', 'lws', '371200', null, '1', null, '2016-07-20 00:00:00', null, '2018-05-15 17:02:58', null, '2018-05-15 17:02:58', null);
INSERT INTO `sys_area` VALUES ('371300', '370000', '2', '371300', '临沂市', 'lys', '371300', null, '1', null, '2016-07-20 00:00:00', null, '2018-05-15 17:02:58', null, '2018-05-15 17:02:58', null);
INSERT INTO `sys_area` VALUES ('371400', '370000', '2', '371400', '德州市', 'dzs', '371400', null, '1', null, '2016-07-20 00:00:00', null, '2018-05-15 17:02:58', null, '2018-05-15 17:02:58', null);
INSERT INTO `sys_area` VALUES ('371500', '370000', '2', '371500', '聊城市', 'lcs', '371500', null, '1', null, '2016-07-20 00:00:00', null, '2018-05-15 17:02:58', null, '2018-05-15 17:02:58', null);
INSERT INTO `sys_area` VALUES ('371600', '370000', '2', '371600', '滨州市', 'bzs', '371600', null, '1', null, '2016-07-20 00:00:00', null, '2018-05-15 17:02:58', null, '2018-05-15 17:02:58', null);
INSERT INTO `sys_area` VALUES ('371700', '370000', '2', '371700', '菏泽市', 'hzs', '371700', null, '1', null, '2016-07-20 00:00:00', null, '2018-05-15 17:02:58', null, '2018-05-15 17:02:58', null);
INSERT INTO `sys_area` VALUES ('410100', '410000', '2', '410100', '郑州市', 'zzs', '410100', null, '1', null, '2016-07-20 00:00:00', null, '2018-05-15 17:02:58', null, '2018-05-15 17:02:58', null);
INSERT INTO `sys_area` VALUES ('410200', '410000', '2', '410200', '开封市', 'kfs', '410200', null, '1', null, '2016-07-20 00:00:00', null, '2018-05-15 17:02:58', null, '2018-05-15 17:02:58', null);
INSERT INTO `sys_area` VALUES ('410300', '410000', '2', '410300', '洛阳市', 'lys', '410300', null, '1', null, '2016-07-20 00:00:00', null, '2018-05-15 17:02:58', null, '2018-05-15 17:02:58', null);
INSERT INTO `sys_area` VALUES ('410400', '410000', '2', '410400', '平顶山市', 'pdss', '410400', null, '1', null, '2016-07-20 00:00:00', null, '2018-05-15 17:02:58', null, '2018-05-15 17:02:58', null);
INSERT INTO `sys_area` VALUES ('410500', '410000', '2', '410500', '安阳市', 'ays', '410500', null, '1', null, '2016-07-20 00:00:00', null, '2018-05-15 17:02:58', null, '2018-05-15 17:02:58', null);
INSERT INTO `sys_area` VALUES ('410600', '410000', '2', '410600', '鹤壁市', 'hbs', '410600', null, '1', null, '2016-07-20 00:00:00', null, '2018-05-15 17:02:58', null, '2018-05-15 17:02:58', null);
INSERT INTO `sys_area` VALUES ('410700', '410000', '2', '410700', '新乡市', 'xxs', '410700', null, '1', null, '2016-07-20 00:00:00', null, '2018-05-15 17:02:58', null, '2018-05-15 17:02:58', null);
INSERT INTO `sys_area` VALUES ('410800', '410000', '2', '410800', '焦作市', 'jzs', '410800', null, '1', null, '2016-07-20 00:00:00', null, '2018-05-15 17:02:58', null, '2018-05-15 17:02:58', null);
INSERT INTO `sys_area` VALUES ('410881', '410000', '2', '410881', '济源市', 'jys', '410881', null, '1', null, '2016-07-20 00:00:00', null, '2018-05-15 17:02:58', null, '2018-05-15 17:02:58', null);
INSERT INTO `sys_area` VALUES ('410900', '410000', '2', '410900', '濮阳市', 'pys', '410900', null, '1', null, '2016-07-20 00:00:00', null, '2018-05-15 17:02:58', null, '2018-05-15 17:02:58', null);
INSERT INTO `sys_area` VALUES ('411000', '410000', '2', '411000', '许昌市', 'xcs', '411000', null, '1', null, '2016-07-20 00:00:00', null, '2018-05-15 17:02:58', null, '2018-05-15 17:02:58', null);
INSERT INTO `sys_area` VALUES ('411100', '410000', '2', '411100', '漯河市', 'lhs', '411100', null, '1', null, '2016-07-20 00:00:00', null, '2018-05-15 17:02:58', null, '2018-05-15 17:02:58', null);
INSERT INTO `sys_area` VALUES ('411200', '410000', '2', '411200', '三门峡市', 'smxs', '411200', null, '1', null, '2016-07-20 00:00:00', null, '2018-05-15 17:02:58', null, '2018-05-15 17:02:58', null);
INSERT INTO `sys_area` VALUES ('411300', '410000', '2', '411300', '南阳市', 'nys', '411300', null, '1', null, '2016-07-20 00:00:00', null, '2018-05-15 17:02:58', null, '2018-05-15 17:02:58', null);
INSERT INTO `sys_area` VALUES ('411400', '410000', '2', '411400', '商丘市', 'sqs', '411400', null, '1', null, '2016-07-20 00:00:00', null, '2018-05-15 17:02:58', null, '2018-05-15 17:02:58', null);
INSERT INTO `sys_area` VALUES ('411500', '410000', '2', '411500', '信阳市', 'xys', '411500', null, '1', null, '2016-07-20 00:00:00', null, '2018-05-15 17:02:58', null, '2018-05-15 17:02:58', null);
INSERT INTO `sys_area` VALUES ('411600', '410000', '2', '411600', '周口市', 'zks', '411600', null, '1', null, '2016-07-20 00:00:00', null, '2018-05-15 17:02:58', null, '2018-05-15 17:02:58', null);
INSERT INTO `sys_area` VALUES ('152200', '150000', '2', '152200', '兴安盟', 'xam', '152200', null, '1', null, '2016-07-20 00:00:00', null, '2018-05-15 17:02:58', null, '2018-05-15 17:02:58', null);
INSERT INTO `sys_area` VALUES ('152500', '150000', '2', '152500', '锡林郭勒盟', 'xlglm', '152500', null, '1', null, '2016-07-20 00:00:00', null, '2018-05-15 17:02:58', null, '2018-05-15 17:02:58', null);
INSERT INTO `sys_area` VALUES ('152900', '150000', '2', '152900', '阿拉善盟', 'alsm', '152900', null, '1', null, '2016-07-20 00:00:00', null, '2018-05-15 17:02:58', null, '2018-05-15 17:02:58', null);
INSERT INTO `sys_area` VALUES ('210100', '210000', '2', '210100', '沈阳市', 'sys', '210100', null, '1', null, '2016-07-20 00:00:00', null, '2018-05-15 17:02:58', null, '2018-05-15 17:02:58', null);
INSERT INTO `sys_area` VALUES ('210200', '210000', '2', '210200', '大连市', 'dls', '210200', null, '1', null, '2016-07-20 00:00:00', null, '2018-05-15 17:02:58', null, '2018-05-15 17:02:58', null);
INSERT INTO `sys_area` VALUES ('210300', '210000', '2', '210300', '鞍山市', 'ass', '210300', null, '1', null, '2016-07-20 00:00:00', null, '2018-05-15 17:02:58', null, '2018-05-15 17:02:58', null);
INSERT INTO `sys_area` VALUES ('210400', '210000', '2', '210400', '抚顺市', 'fss', '210400', null, '1', null, '2016-07-20 00:00:00', null, '2018-05-15 17:02:58', null, '2018-05-15 17:02:58', null);
INSERT INTO `sys_area` VALUES ('210500', '210000', '2', '210500', '本溪市', 'bxs', '210500', null, '1', null, '2016-07-20 00:00:00', null, '2018-05-15 17:02:58', null, '2018-05-15 17:02:58', null);
INSERT INTO `sys_area` VALUES ('210600', '210000', '2', '210600', '丹东市', 'dds', '210600', null, '1', null, '2016-07-20 00:00:00', null, '2018-05-15 17:02:58', null, '2018-05-15 17:02:58', null);
INSERT INTO `sys_area` VALUES ('210700', '210000', '2', '210700', '锦州市', 'jzs', '210700', null, '1', null, '2016-07-20 00:00:00', null, '2018-05-15 17:02:58', null, '2018-05-15 17:02:58', null);
INSERT INTO `sys_area` VALUES ('210800', '210000', '2', '210800', '营口市', 'yks', '210800', null, '1', null, '2016-07-20 00:00:00', null, '2018-05-15 17:02:58', null, '2018-05-15 17:02:58', null);
INSERT INTO `sys_area` VALUES ('210900', '210000', '2', '210900', '阜新市', 'fxs', '210900', null, '1', null, '2016-07-20 00:00:00', null, '2018-05-15 17:02:58', null, '2018-05-15 17:02:58', null);
INSERT INTO `sys_area` VALUES ('211000', '210000', '2', '211000', '辽阳市', 'lys', '211000', null, '1', null, '2016-07-20 00:00:00', null, '2018-05-15 17:02:58', null, '2018-05-15 17:02:58', null);
INSERT INTO `sys_area` VALUES ('211100', '210000', '2', '211100', '盘锦市', 'pjs', '211100', null, '1', null, '2016-07-20 00:00:00', null, '2018-05-15 17:02:58', null, '2018-05-15 17:02:58', null);
INSERT INTO `sys_area` VALUES ('211200', '210000', '2', '211200', '铁岭市', 'tls', '211200', null, '1', null, '2016-07-20 00:00:00', null, '2018-05-15 17:02:58', null, '2018-05-15 17:02:58', null);
INSERT INTO `sys_area` VALUES ('211300', '210000', '2', '211300', '朝阳市', 'zys', '211300', null, '1', null, '2016-07-20 00:00:00', null, '2018-05-15 17:02:58', null, '2018-05-15 17:02:58', null);
INSERT INTO `sys_area` VALUES ('211400', '210000', '2', '211400', '葫芦岛市', 'hlds', '211400', null, '1', null, '2016-07-20 00:00:00', null, '2018-05-15 17:02:58', null, '2018-05-15 17:02:58', null);
INSERT INTO `sys_area` VALUES ('220100', '220000', '2', '220100', '长春市', 'zcs', '220100', null, '1', null, '2016-07-20 00:00:00', null, '2018-05-15 17:02:58', null, '2018-05-15 17:02:58', null);
INSERT INTO `sys_area` VALUES ('220200', '220000', '2', '220200', '吉林市', 'jls', '220200', null, '1', null, '2016-07-20 00:00:00', null, '2018-05-15 17:02:58', null, '2018-05-15 17:02:58', null);
INSERT INTO `sys_area` VALUES ('220300', '220000', '2', '220300', '四平市', 'sps', '220300', null, '1', null, '2016-07-20 00:00:00', null, '2018-05-15 17:02:58', null, '2018-05-15 17:02:58', null);
INSERT INTO `sys_area` VALUES ('220400', '220000', '2', '220400', '辽源市', 'lys', '220400', null, '1', null, '2016-07-20 00:00:00', null, '2018-05-15 17:02:58', null, '2018-05-15 17:02:58', null);
INSERT INTO `sys_area` VALUES ('220500', '220000', '2', '220500', '通化市', 'ths', '220500', null, '1', null, '2016-07-20 00:00:00', null, '2018-05-15 17:02:58', null, '2018-05-15 17:02:58', null);
INSERT INTO `sys_area` VALUES ('220600', '220000', '2', '220600', '白山市', 'bss', '220600', null, '1', null, '2016-07-20 00:00:00', null, '2018-05-15 17:02:58', null, '2018-05-15 17:02:58', null);
INSERT INTO `sys_area` VALUES ('220700', '220000', '2', '220700', '松原市', 'sys', '220700', null, '1', null, '2016-07-20 00:00:00', null, '2018-05-15 17:02:58', null, '2018-05-15 17:02:58', null);
INSERT INTO `sys_area` VALUES ('220800', '220000', '2', '220800', '白城市', 'bcs', '220800', null, '1', null, '2016-07-20 00:00:00', null, '2018-05-15 17:02:58', null, '2018-05-15 17:02:58', null);
INSERT INTO `sys_area` VALUES ('222400', '220000', '2', '222400', '延边朝鲜族自治州', 'ybzxzzzz', '222400', null, '1', null, '2016-07-20 00:00:00', null, '2018-05-15 17:02:58', null, '2018-05-15 17:02:58', null);
INSERT INTO `sys_area` VALUES ('230100', '230000', '2', '230100', '哈尔滨市', 'hebs', '230100', null, '1', null, '2016-07-20 00:00:00', null, '2018-05-15 17:02:58', null, '2018-05-15 17:02:58', null);
INSERT INTO `sys_area` VALUES ('230200', '230000', '2', '230200', '齐齐哈尔市', 'qqhes', '230200', null, '1', null, '2016-07-20 00:00:00', null, '2018-05-15 17:02:58', null, '2018-05-15 17:02:58', null);
INSERT INTO `sys_area` VALUES ('230300', '230000', '2', '230300', '鸡西市', 'jxs', '230300', null, '1', null, '2016-07-20 00:00:00', null, '2018-05-15 17:02:58', null, '2018-05-15 17:02:58', null);
INSERT INTO `sys_area` VALUES ('230400', '230000', '2', '230400', '鹤岗市', 'hgs', '230400', null, '1', null, '2016-07-20 00:00:00', null, '2018-05-15 17:02:58', null, '2018-05-15 17:02:58', null);
INSERT INTO `sys_area` VALUES ('230500', '230000', '2', '230500', '双鸭山市', 'syss', '230500', null, '1', null, '2016-07-20 00:00:00', null, '2018-05-15 17:02:58', null, '2018-05-15 17:02:58', null);
INSERT INTO `sys_area` VALUES ('230600', '230000', '2', '230600', '大庆市', 'dqs', '230600', null, '1', null, '2016-07-20 00:00:00', null, '2018-05-15 17:02:58', null, '2018-05-15 17:02:58', null);
INSERT INTO `sys_area` VALUES ('230700', '230000', '2', '230700', '伊春市', 'ycs', '230700', null, '1', null, '2016-07-20 00:00:00', null, '2018-05-15 17:02:58', null, '2018-05-15 17:02:58', null);
INSERT INTO `sys_area` VALUES ('230800', '230000', '2', '230800', '佳木斯市', 'jmss', '230800', null, '1', null, '2016-07-20 00:00:00', null, '2018-05-15 17:02:58', null, '2018-05-15 17:02:58', null);
INSERT INTO `sys_area` VALUES ('230900', '230000', '2', '230900', '七台河市', 'qths', '230900', null, '1', null, '2016-07-20 00:00:00', null, '2018-05-15 17:02:58', null, '2018-05-15 17:02:58', null);
INSERT INTO `sys_area` VALUES ('231000', '230000', '2', '231000', '牡丹江市', 'mdjs', '231000', null, '1', null, '2016-07-20 00:00:00', null, '2018-05-15 17:02:58', null, '2018-05-15 17:02:58', null);
INSERT INTO `sys_area` VALUES ('231100', '230000', '2', '231100', '黑河市', 'hhs', '231100', null, '1', null, '2016-07-20 00:00:00', null, '2018-05-15 17:02:58', null, '2018-05-15 17:02:58', null);
INSERT INTO `sys_area` VALUES ('231200', '230000', '2', '231200', '绥化市', 'shs', '231200', null, '1', null, '2016-07-20 00:00:00', null, '2018-05-15 17:02:58', null, '2018-05-15 17:02:58', null);
INSERT INTO `sys_area` VALUES ('232700', '230000', '2', '232700', '大兴安岭地区', 'dxaldq', '232700', null, '1', null, '2016-07-20 00:00:00', null, '2018-05-15 17:02:58', null, '2018-05-15 17:02:58', null);
INSERT INTO `sys_area` VALUES ('310100', '310000', '2', '310100', '上海市', 'shs', '310100', null, '1', null, '2016-07-20 00:00:00', null, '2018-05-15 17:02:58', null, '2018-05-15 17:02:58', null);
INSERT INTO `sys_area` VALUES ('320100', '320000', '2', '320100', '南京市', 'njs', '320100', null, '1', null, '2016-07-20 00:00:00', null, '2018-05-15 17:02:58', null, '2018-05-15 17:02:58', null);
INSERT INTO `sys_area` VALUES ('320200', '320000', '2', '320200', '无锡市', 'wxs', '320200', null, '1', null, '2016-07-20 00:00:00', null, '2018-05-15 17:02:58', null, '2018-05-15 17:02:58', null);
INSERT INTO `sys_area` VALUES ('320300', '320000', '2', '320300', '徐州市', 'xzs', '320300', null, '1', null, '2016-07-20 00:00:00', null, '2018-05-15 17:02:58', null, '2018-05-15 17:02:58', null);
INSERT INTO `sys_area` VALUES ('320400', '320000', '2', '320400', '常州市', 'czs', '320400', null, '1', null, '2016-07-20 00:00:00', null, '2018-05-15 17:02:58', null, '2018-05-15 17:02:58', null);
INSERT INTO `sys_area` VALUES ('320500', '320000', '2', '320500', '苏州市', 'szs', '320500', null, '1', null, '2016-07-20 00:00:00', null, '2018-05-15 17:02:58', null, '2018-05-15 17:02:58', null);
INSERT INTO `sys_area` VALUES ('320600', '320000', '2', '320600', '南通市', 'nts', '320600', null, '1', null, '2016-07-20 00:00:00', null, '2018-05-15 17:02:58', null, '2018-05-15 17:02:58', null);
INSERT INTO `sys_area` VALUES ('320700', '320000', '2', '320700', '连云港市', 'lygs', '320700', null, '1', null, '2016-07-20 00:00:00', null, '2018-05-15 17:02:58', null, '2018-05-15 17:02:58', null);
INSERT INTO `sys_area` VALUES ('320800', '320000', '2', '320800', '淮安市', 'has', '320800', null, '1', null, '2016-07-20 00:00:00', null, '2018-05-15 17:02:58', null, '2018-05-15 17:02:58', null);
INSERT INTO `sys_area` VALUES ('320900', '320000', '2', '320900', '盐城市', 'ycs', '320900', null, '1', null, '2016-07-20 00:00:00', null, '2018-05-15 17:02:58', null, '2018-05-15 17:02:58', null);
INSERT INTO `sys_area` VALUES ('321000', '320000', '2', '321000', '扬州市', 'yzs', '321000', null, '1', null, '2016-07-20 00:00:00', null, '2018-05-15 17:02:58', null, '2018-05-15 17:02:58', null);
INSERT INTO `sys_area` VALUES ('321100', '320000', '2', '321100', '镇江市', 'zjs', '321100', null, '1', null, '2016-07-20 00:00:00', null, '2018-05-15 17:02:58', null, '2018-05-15 17:02:58', null);
INSERT INTO `sys_area` VALUES ('321200', '320000', '2', '321200', '泰州市', 'tzs', '321200', null, '1', null, '2016-07-20 00:00:00', null, '2018-05-15 17:02:58', null, '2018-05-15 17:02:58', null);
INSERT INTO `sys_area` VALUES ('321300', '320000', '2', '321300', '宿迁市', 'sqs', '321300', null, '1', null, '2016-07-20 00:00:00', null, '2018-05-15 17:02:58', null, '2018-05-15 17:02:58', null);
INSERT INTO `sys_area` VALUES ('330100', '330000', '2', '330100', '杭州市', 'hzs', '330100', null, '1', null, '2016-07-20 00:00:00', null, '2018-05-15 17:02:58', null, '2018-05-15 17:02:58', null);
INSERT INTO `sys_area` VALUES ('330200', '330000', '2', '330200', '宁波市', 'nbs', '330200', null, '1', null, '2016-07-20 00:00:00', null, '2018-05-15 17:02:58', null, '2018-05-15 17:02:58', null);
INSERT INTO `sys_area` VALUES ('330300', '330000', '2', '330300', '温州市', 'wzs', '330300', null, '1', null, '2016-07-20 00:00:00', null, '2018-05-15 17:02:58', null, '2018-05-15 17:02:58', null);
INSERT INTO `sys_area` VALUES ('330400', '330000', '2', '330400', '嘉兴市', 'jxs', '330400', null, '1', null, '2016-07-20 00:00:00', null, '2018-05-15 17:02:58', null, '2018-05-15 17:02:58', null);
INSERT INTO `sys_area` VALUES ('330500', '330000', '2', '330500', '湖州市', 'hzs', '330500', null, '1', null, '2016-07-20 00:00:00', null, '2018-05-15 17:02:58', null, '2018-05-15 17:02:58', null);
INSERT INTO `sys_area` VALUES ('330600', '330000', '2', '330600', '绍兴市', 'sxs', '330600', null, '1', null, '2016-07-20 00:00:00', null, '2018-05-15 17:02:58', null, '2018-05-15 17:02:58', null);
INSERT INTO `sys_area` VALUES ('330700', '330000', '2', '330700', '金华市', 'jhs', '330700', null, '1', null, '2016-07-20 00:00:00', null, '2018-05-15 17:02:58', null, '2018-05-15 17:02:58', null);
INSERT INTO `sys_area` VALUES ('330800', '330000', '2', '330800', '衢州市', 'qzs', '330800', null, '1', null, '2016-07-20 00:00:00', null, '2018-05-15 17:02:58', null, '2018-05-15 17:02:58', null);
INSERT INTO `sys_area` VALUES ('330900', '330000', '2', '330900', '舟山市', 'zss', '330900', null, '1', null, '2016-07-20 00:00:00', null, '2018-05-15 17:02:58', null, '2018-05-15 17:02:58', null);
INSERT INTO `sys_area` VALUES ('331000', '330000', '2', '331000', '台州市', 'tzs', '331000', null, '1', null, '2016-07-20 00:00:00', null, '2018-05-15 17:02:58', null, '2018-05-15 17:02:58', null);
INSERT INTO `sys_area` VALUES ('331100', '330000', '2', '331100', '丽水市', 'lss', '331100', null, '1', null, '2016-07-20 00:00:00', null, '2018-05-15 17:02:58', null, '2018-05-15 17:02:58', null);
INSERT INTO `sys_area` VALUES ('340100', '340000', '2', '340100', '合肥市', 'hfs', '340100', null, '1', null, '2016-07-20 00:00:00', null, '2018-05-15 17:02:58', null, '2018-05-15 17:02:58', null);
INSERT INTO `sys_area` VALUES ('340200', '340000', '2', '340200', '芜湖市', 'whs', '340200', null, '1', null, '2016-07-20 00:00:00', null, '2018-05-15 17:02:58', null, '2018-05-15 17:02:58', null);
INSERT INTO `sys_area` VALUES ('420100', '420000', '2', '420100', '武汉市', 'whs', '420100', null, '1', null, '2016-07-20 00:00:00', null, '2018-05-15 17:02:58', null, '2018-05-15 17:02:58', null);
INSERT INTO `sys_area` VALUES ('420200', '420000', '2', '420200', '黄石市', 'hss', '420200', null, '1', null, '2016-07-20 00:00:00', null, '2018-05-15 17:02:58', null, '2018-05-15 17:02:58', null);
INSERT INTO `sys_area` VALUES ('420300', '420000', '2', '420300', '十堰市', 'sys', '420300', null, '1', null, '2016-07-20 00:00:00', null, '2018-05-15 17:02:58', null, '2018-05-15 17:02:58', null);
INSERT INTO `sys_area` VALUES ('420500', '420000', '2', '420500', '宜昌市', 'ycs', '420500', null, '1', null, '2016-07-20 00:00:00', null, '2018-05-15 17:02:58', null, '2018-05-15 17:02:58', null);
INSERT INTO `sys_area` VALUES ('420600', '420000', '2', '420600', '襄阳市', 'xys', '420600', null, '1', null, '2016-07-20 00:00:00', null, '2018-05-15 17:02:58', null, '2018-05-15 17:02:58', null);
INSERT INTO `sys_area` VALUES ('420700', '420000', '2', '420700', '鄂州市', 'ezs', '420700', null, '1', null, '2016-07-20 00:00:00', null, '2018-05-15 17:02:58', null, '2018-05-15 17:02:58', null);
INSERT INTO `sys_area` VALUES ('420800', '420000', '2', '420800', '荆门市', 'jms', '420800', null, '1', null, '2016-07-20 00:00:00', null, '2018-05-15 17:02:58', null, '2018-05-15 17:02:58', null);
INSERT INTO `sys_area` VALUES ('420900', '420000', '2', '420900', '孝感市', 'xgs', '420900', null, '1', null, '2016-07-20 00:00:00', null, '2018-05-15 17:02:58', null, '2018-05-15 17:02:58', null);
INSERT INTO `sys_area` VALUES ('421000', '420000', '2', '421000', '荆州市', 'jzs', '421000', null, '1', null, '2016-07-20 00:00:00', null, '2018-05-15 17:02:58', null, '2018-05-15 17:02:58', null);
INSERT INTO `sys_area` VALUES ('421100', '420000', '2', '421100', '黄冈市', 'hgs', '421100', null, '1', null, '2016-07-20 00:00:00', null, '2018-05-15 17:02:58', null, '2018-05-15 17:02:58', null);
INSERT INTO `sys_area` VALUES ('421200', '420000', '2', '421200', '咸宁市', 'xns', '421200', null, '1', null, '2016-07-20 00:00:00', null, '2018-05-15 17:02:58', null, '2018-05-15 17:02:58', null);
INSERT INTO `sys_area` VALUES ('421300', '420000', '2', '421300', '随州市', 'szs', '421300', null, '1', null, '2016-07-20 00:00:00', null, '2018-05-15 17:02:58', null, '2018-05-15 17:02:58', null);
INSERT INTO `sys_area` VALUES ('422800', '420000', '2', '422800', '恩施土家族苗族自治州', 'estjzmzzzz', '422800', null, '1', null, '2016-07-20 00:00:00', null, '2018-05-15 17:02:58', null, '2018-05-15 17:02:58', null);
INSERT INTO `sys_area` VALUES ('430100', '430000', '2', '430100', '长沙市', 'zss', '430100', null, '1', null, '2016-07-20 00:00:00', null, '2018-05-15 17:02:58', null, '2018-05-15 17:02:58', null);
INSERT INTO `sys_area` VALUES ('430200', '430000', '2', '430200', '株洲市', 'zzs', '430200', null, '1', null, '2016-07-20 00:00:00', null, '2018-05-15 17:02:58', null, '2018-05-15 17:02:58', null);
INSERT INTO `sys_area` VALUES ('430300', '430000', '2', '430300', '湘潭市', 'xts', '430300', null, '1', null, '2016-07-20 00:00:00', null, '2018-05-15 17:02:58', null, '2018-05-15 17:02:58', null);
INSERT INTO `sys_area` VALUES ('430400', '430000', '2', '430400', '衡阳市', 'hys', '430400', null, '1', null, '2016-07-20 00:00:00', null, '2018-05-15 17:02:58', null, '2018-05-15 17:02:58', null);
INSERT INTO `sys_area` VALUES ('430500', '430000', '2', '430500', '邵阳市', 'sys', '430500', null, '1', null, '2016-07-20 00:00:00', null, '2018-05-15 17:02:58', null, '2018-05-15 17:02:58', null);
INSERT INTO `sys_area` VALUES ('430600', '430000', '2', '430600', '岳阳市', 'yys', '430600', null, '1', null, '2016-07-20 00:00:00', null, '2018-05-15 17:02:58', null, '2018-05-15 17:02:58', null);
INSERT INTO `sys_area` VALUES ('430700', '430000', '2', '430700', '常德市', 'cds', '430700', null, '1', null, '2016-07-20 00:00:00', null, '2018-05-15 17:02:58', null, '2018-05-15 17:02:58', null);
INSERT INTO `sys_area` VALUES ('430800', '430000', '2', '430800', '张家界市', 'zjjs', '430800', null, '1', null, '2016-07-20 00:00:00', null, '2018-05-15 17:02:58', null, '2018-05-15 17:02:58', null);
INSERT INTO `sys_area` VALUES ('430900', '430000', '2', '430900', '益阳市', 'yys', '430900', null, '1', null, '2016-07-20 00:00:00', null, '2018-05-15 17:02:58', null, '2018-05-15 17:02:58', null);
INSERT INTO `sys_area` VALUES ('431000', '430000', '2', '431000', '郴州市', 'czs', '431000', null, '1', null, '2016-07-20 00:00:00', null, '2018-05-15 17:02:58', null, '2018-05-15 17:02:58', null);
INSERT INTO `sys_area` VALUES ('431100', '430000', '2', '431100', '永州市', 'yzs', '431100', null, '1', null, '2016-07-20 00:00:00', null, '2018-05-15 17:02:58', null, '2018-05-15 17:02:58', null);
INSERT INTO `sys_area` VALUES ('431200', '430000', '2', '431200', '怀化市', 'hhs', '431200', null, '1', null, '2016-07-20 00:00:00', null, '2018-05-15 17:02:58', null, '2018-05-15 17:02:58', null);
INSERT INTO `sys_area` VALUES ('431300', '430000', '2', '431300', '娄底市', 'lds', '431300', null, '1', null, '2016-07-20 00:00:00', null, '2018-05-15 17:02:58', null, '2018-05-15 17:02:58', null);
INSERT INTO `sys_area` VALUES ('433100', '430000', '2', '433100', '湘西土家族苗族自治州', 'xxtjzmzzzz', '433100', null, '1', null, '2016-07-20 00:00:00', null, '2018-05-15 17:02:58', null, '2018-05-15 17:02:58', null);
INSERT INTO `sys_area` VALUES ('440100', '440000', '2', '440100', '广州市', 'gzs', '440100', null, '1', null, '2016-07-20 00:00:00', null, '2018-05-15 17:02:58', null, '2018-05-15 17:02:58', null);
INSERT INTO `sys_area` VALUES ('440200', '440000', '2', '440200', '韶关市', 'sgs', '440200', null, '1', null, '2016-07-20 00:00:00', null, '2018-05-15 17:02:58', null, '2018-05-15 17:02:58', null);
INSERT INTO `sys_area` VALUES ('440300', '440000', '2', '440300', '深圳市', 'szs', '440300', null, '1', null, '2016-07-20 00:00:00', null, '2018-05-15 17:02:58', null, '2018-05-15 17:02:58', null);
INSERT INTO `sys_area` VALUES ('440400', '440000', '2', '440400', '珠海市', 'zhs', '440400', null, '1', null, '2016-07-20 00:00:00', null, '2018-05-15 17:02:58', null, '2018-05-15 17:02:58', null);
INSERT INTO `sys_area` VALUES ('440500', '440000', '2', '440500', '汕头市', 'sts', '440500', null, '1', null, '2016-07-20 00:00:00', null, '2018-05-15 17:02:58', null, '2018-05-15 17:02:58', null);
INSERT INTO `sys_area` VALUES ('440600', '440000', '2', '440600', '佛山市', 'fss', '440600', null, '1', null, '2016-07-20 00:00:00', null, '2018-05-15 17:02:58', null, '2018-05-15 17:02:58', null);
INSERT INTO `sys_area` VALUES ('440700', '440000', '2', '440700', '江门市', 'jms', '440700', null, '1', null, '2016-07-20 00:00:00', null, '2018-05-15 17:02:58', null, '2018-05-15 17:02:58', null);
INSERT INTO `sys_area` VALUES ('440800', '440000', '2', '440800', '湛江市', 'zjs', '440800', null, '1', null, '2016-07-20 00:00:00', null, '2018-05-15 17:02:58', null, '2018-05-15 17:02:58', null);
INSERT INTO `sys_area` VALUES ('440900', '440000', '2', '440900', '茂名市', 'mms', '440900', null, '1', null, '2016-07-20 00:00:00', null, '2018-05-15 17:02:58', null, '2018-05-15 17:02:58', null);
INSERT INTO `sys_area` VALUES ('441200', '440000', '2', '441200', '肇庆市', 'zqs', '441200', null, '1', null, '2016-07-20 00:00:00', null, '2018-05-15 17:02:58', null, '2018-05-15 17:02:58', null);
INSERT INTO `sys_area` VALUES ('441300', '440000', '2', '441300', '惠州市', 'hzs', '441300', null, '1', null, '2016-07-20 00:00:00', null, '2018-05-15 17:02:58', null, '2018-05-15 17:02:58', null);
INSERT INTO `sys_area` VALUES ('441400', '440000', '2', '441400', '梅州市', 'mzs', '441400', null, '1', null, '2016-07-20 00:00:00', null, '2018-05-15 17:02:58', null, '2018-05-15 17:02:58', null);
INSERT INTO `sys_area` VALUES ('441500', '440000', '2', '441500', '汕尾市', 'sws', '441500', null, '1', null, '2016-07-20 00:00:00', null, '2018-05-15 17:02:58', null, '2018-05-15 17:02:58', null);
INSERT INTO `sys_area` VALUES ('441600', '440000', '2', '441600', '河源市', 'hys', '441600', null, '1', null, '2016-07-20 00:00:00', null, '2018-05-15 17:02:58', null, '2018-05-15 17:02:58', null);
INSERT INTO `sys_area` VALUES ('441700', '440000', '2', '441700', '阳江市', 'yjs', '441700', null, '1', null, '2016-07-20 00:00:00', null, '2018-05-15 17:02:58', null, '2018-05-15 17:02:58', null);
INSERT INTO `sys_area` VALUES ('441800', '440000', '2', '441800', '清远市', 'qys', '441800', null, '1', null, '2016-07-20 00:00:00', null, '2018-05-15 17:02:58', null, '2018-05-15 17:02:58', null);
INSERT INTO `sys_area` VALUES ('445100', '440000', '2', '445100', '潮州市', 'czs', '445100', null, '1', null, '2016-07-20 00:00:00', null, '2018-05-15 17:02:58', null, '2018-05-15 17:02:58', null);
INSERT INTO `sys_area` VALUES ('445200', '440000', '2', '445200', '揭阳市', 'jys', '445200', null, '1', null, '2016-07-20 00:00:00', null, '2018-05-15 17:02:58', null, '2018-05-15 17:02:58', null);
INSERT INTO `sys_area` VALUES ('445300', '440000', '2', '445300', '云浮市', 'yfs', '445300', null, '1', null, '2016-07-20 00:00:00', null, '2018-05-15 17:02:58', null, '2018-05-15 17:02:58', null);
INSERT INTO `sys_area` VALUES ('450100', '450000', '2', '450100', '南宁市', 'nns', '450100', null, '1', null, '2016-07-20 00:00:00', null, '2018-05-15 17:02:58', null, '2018-05-15 17:02:58', null);
INSERT INTO `sys_area` VALUES ('450200', '450000', '2', '450200', '柳州市', 'lzs', '450200', null, '1', null, '2016-07-20 00:00:00', null, '2018-05-15 17:02:58', null, '2018-05-15 17:02:58', null);
INSERT INTO `sys_area` VALUES ('450300', '450000', '2', '450300', '桂林市', 'gls', '450300', null, '1', null, '2016-07-20 00:00:00', null, '2018-05-15 17:02:58', null, '2018-05-15 17:02:58', null);
INSERT INTO `sys_area` VALUES ('450400', '450000', '2', '450400', '梧州市', 'wzs', '450400', null, '1', null, '2016-07-20 00:00:00', null, '2018-05-15 17:02:58', null, '2018-05-15 17:02:58', null);
INSERT INTO `sys_area` VALUES ('450500', '450000', '2', '450500', '北海市', 'bhs', '450500', null, '1', null, '2016-07-20 00:00:00', null, '2018-05-15 17:02:58', null, '2018-05-15 17:02:58', null);
INSERT INTO `sys_area` VALUES ('450600', '450000', '2', '450600', '防城港市', 'fcgs', '450600', null, '1', null, '2016-07-20 00:00:00', null, '2018-05-15 17:02:58', null, '2018-05-15 17:02:58', null);
INSERT INTO `sys_area` VALUES ('450700', '450000', '2', '450700', '钦州市', 'qzs', '450700', null, '1', null, '2016-07-20 00:00:00', null, '2018-05-15 17:02:58', null, '2018-05-15 17:02:58', null);
INSERT INTO `sys_area` VALUES ('450800', '450000', '2', '450800', '贵港市', 'ggs', '450800', null, '1', null, '2016-07-20 00:00:00', null, '2018-05-15 17:02:58', null, '2018-05-15 17:02:58', null);
INSERT INTO `sys_area` VALUES ('450900', '450000', '2', '450900', '玉林市', 'yls', '450900', null, '1', null, '2016-07-20 00:00:00', null, '2018-05-15 17:02:58', null, '2018-05-15 17:02:58', null);
INSERT INTO `sys_area` VALUES ('451000', '450000', '2', '451000', '百色市', 'bss', '451000', null, '1', null, '2016-07-20 00:00:00', null, '2018-05-15 17:02:58', null, '2018-05-15 17:02:58', null);
INSERT INTO `sys_area` VALUES ('451100', '450000', '2', '451100', '贺州市', 'hzs', '451100', null, '1', null, '2016-07-20 00:00:00', null, '2018-05-15 17:02:58', null, '2018-05-15 17:02:58', null);
INSERT INTO `sys_area` VALUES ('451200', '450000', '2', '451200', '河池市', 'hcs', '451200', null, '1', null, '2016-07-20 00:00:00', null, '2018-05-15 17:02:58', null, '2018-05-15 17:02:58', null);
INSERT INTO `sys_area` VALUES ('451300', '450000', '2', '451300', '来宾市', 'lbs', '451300', null, '1', null, '2016-07-20 00:00:00', null, '2018-05-15 17:02:58', null, '2018-05-15 17:02:58', null);
INSERT INTO `sys_area` VALUES ('451400', '450000', '2', '451400', '崇左市', 'czs', '451400', null, '1', null, '2016-07-20 00:00:00', null, '2018-05-15 17:02:58', null, '2018-05-15 17:02:58', null);
INSERT INTO `sys_area` VALUES ('460100', '460000', '2', '460100', '海口市', 'hks', '460100', null, '1', null, '2016-07-20 00:00:00', null, '2018-05-15 17:02:58', null, '2018-05-15 17:02:58', null);
INSERT INTO `sys_area` VALUES ('500100', '500000', '2', '500100', '重庆市', 'zqs', '500100', null, '1', null, '2016-07-20 00:00:00', null, '2018-05-15 17:02:58', null, '2018-05-15 17:02:58', null);
INSERT INTO `sys_area` VALUES ('510100', '510000', '2', '510100', '成都市', 'cds', '510100', null, '1', null, '2016-07-20 00:00:00', null, '2018-05-15 17:02:58', null, '2018-05-15 17:02:58', null);
INSERT INTO `sys_area` VALUES ('510300', '510000', '2', '510300', '自贡市', 'zgs', '510300', null, '1', null, '2016-07-20 00:00:00', null, '2018-05-15 17:02:58', null, '2018-05-15 17:02:58', null);
INSERT INTO `sys_area` VALUES ('510400', '510000', '2', '510400', '攀枝花市', 'pzhs', '510400', null, '1', null, '2016-07-20 00:00:00', null, '2018-05-15 17:02:58', null, '2018-05-15 17:02:58', null);
INSERT INTO `sys_area` VALUES ('510500', '510000', '2', '510500', '泸州市', 'lzs', '510500', null, '1', null, '2016-07-20 00:00:00', null, '2018-05-15 17:02:58', null, '2018-05-15 17:02:58', null);
INSERT INTO `sys_area` VALUES ('510700', '510000', '2', '510700', '绵阳市', 'mys', '510700', null, '1', null, '2016-07-20 00:00:00', null, '2018-05-15 17:02:58', null, '2018-05-15 17:02:58', null);
INSERT INTO `sys_area` VALUES ('510800', '510000', '2', '510800', '广元市', 'gys', '510800', null, '1', null, '2016-07-20 00:00:00', null, '2018-05-15 17:02:58', null, '2018-05-15 17:02:58', null);
INSERT INTO `sys_area` VALUES ('510900', '510000', '2', '510900', '遂宁市', 'sns', '510900', null, '1', null, '2016-07-20 00:00:00', null, '2018-05-15 17:02:58', null, '2018-05-15 17:02:58', null);
INSERT INTO `sys_area` VALUES ('511000', '510000', '2', '511000', '内江市', 'njs', '511000', null, '1', null, '2016-07-20 00:00:00', null, '2018-05-15 17:02:58', null, '2018-05-15 17:02:58', null);
INSERT INTO `sys_area` VALUES ('511100', '510000', '2', '511100', '乐山市', 'yss', '511100', null, '1', null, '2016-07-20 00:00:00', null, '2018-05-15 17:02:58', null, '2018-05-15 17:02:58', null);
INSERT INTO `sys_area` VALUES ('511300', '510000', '2', '511300', '南充市', 'ncs', '511300', null, '1', null, '2016-07-20 00:00:00', null, '2018-05-15 17:02:58', null, '2018-05-15 17:02:58', null);
INSERT INTO `sys_area` VALUES ('511400', '510000', '2', '511400', '眉山市', 'mss', '511400', null, '1', null, '2016-07-20 00:00:00', null, '2018-05-15 17:02:58', null, '2018-05-15 17:02:58', null);
INSERT INTO `sys_area` VALUES ('511500', '510000', '2', '511500', '宜宾市', 'ybs', '511500', null, '1', null, '2016-07-20 00:00:00', null, '2018-05-15 17:02:58', null, '2018-05-15 17:02:58', null);
INSERT INTO `sys_area` VALUES ('511600', '510000', '2', '511600', '广安市', 'gas', '511600', null, '1', null, '2016-07-20 00:00:00', null, '2018-05-15 17:02:58', null, '2018-05-15 17:02:58', null);
INSERT INTO `sys_area` VALUES ('511700', '510000', '2', '511700', '达州市', 'dzs', '511700', null, '1', null, '2016-07-20 00:00:00', null, '2018-05-15 17:02:58', null, '2018-05-15 17:02:58', null);
INSERT INTO `sys_area` VALUES ('511800', '510000', '2', '511800', '雅安市', 'yas', '511800', null, '1', null, '2016-07-20 00:00:00', null, '2018-05-15 17:02:58', null, '2018-05-15 17:02:58', null);
INSERT INTO `sys_area` VALUES ('511900', '510000', '2', '511900', '巴中市', 'bzs', '511900', null, '1', null, '2016-07-20 00:00:00', null, '2018-05-15 17:02:58', null, '2018-05-15 17:02:58', null);
INSERT INTO `sys_area` VALUES ('512000', '510000', '2', '512000', '资阳市', 'zys', '512000', null, '1', null, '2016-07-20 00:00:00', null, '2018-05-15 17:02:58', null, '2018-05-15 17:02:58', null);
INSERT INTO `sys_area` VALUES ('513200', '510000', '2', '513200', '阿坝藏族羌族自治州', 'abzzqzzzz', '513200', null, '1', null, '2016-07-20 00:00:00', null, '2018-05-15 17:02:58', null, '2018-05-15 17:02:58', null);
INSERT INTO `sys_area` VALUES ('513300', '510000', '2', '513300', '甘孜藏族自治州', 'gzzzzzz', '513300', null, '1', null, '2016-07-20 00:00:00', null, '2018-05-15 17:02:58', null, '2018-05-15 17:02:58', null);
INSERT INTO `sys_area` VALUES ('513400', '510000', '2', '513400', '凉山彝族自治州', 'lsyzzzz', '513400', null, '1', null, '2016-07-20 00:00:00', null, '2018-05-15 17:02:58', null, '2018-05-15 17:02:58', null);
INSERT INTO `sys_area` VALUES ('520100', '520000', '2', '520100', '贵阳市', 'gys', '520100', null, '1', null, '2016-07-20 00:00:00', null, '2018-05-15 17:02:58', null, '2018-05-15 17:02:58', null);
INSERT INTO `sys_area` VALUES ('520200', '520000', '2', '520200', '六盘水市', 'lpss', '520200', null, '1', null, '2016-07-20 00:00:00', null, '2018-05-15 17:02:58', null, '2018-05-15 17:02:58', null);
INSERT INTO `sys_area` VALUES ('520300', '520000', '2', '520300', '遵义市', 'zys', '520300', null, '1', null, '2016-07-20 00:00:00', null, '2018-05-15 17:02:58', null, '2018-05-15 17:02:58', null);
INSERT INTO `sys_area` VALUES ('520400', '520000', '2', '520400', '安顺市', 'ass', '520400', null, '1', null, '2016-07-20 00:00:00', null, '2018-05-15 17:02:58', null, '2018-05-15 17:02:58', null);
INSERT INTO `sys_area` VALUES ('522200', '520000', '2', '522200', '铜仁市', 'trs', '522200', null, '1', null, '2016-07-20 00:00:00', null, '2018-05-15 17:02:58', null, '2018-05-15 17:02:58', null);
INSERT INTO `sys_area` VALUES ('522300', '520000', '2', '522300', '黔西南布依族苗族自治州', 'qxnbyzmzzzz', '522300', null, '1', null, '2016-07-20 00:00:00', null, '2018-05-15 17:02:58', null, '2018-05-15 17:02:58', null);
INSERT INTO `sys_area` VALUES ('522400', '520000', '2', '522400', '毕节市', 'bjs', '522400', null, '1', null, '2016-07-20 00:00:00', null, '2018-05-15 17:02:58', null, '2018-05-15 17:02:58', null);
INSERT INTO `sys_area` VALUES ('522600', '520000', '2', '522600', '黔东南苗族侗族自治州', 'qdnmztzzzz', '522600', null, '1', null, '2016-07-20 00:00:00', null, '2018-05-15 17:02:58', null, '2018-05-15 17:02:58', null);
INSERT INTO `sys_area` VALUES ('522700', '520000', '2', '522700', '黔南布依族苗族自治州', 'qnbyzmzzzz', '522700', null, '1', null, '2016-07-20 00:00:00', null, '2018-05-15 17:02:58', null, '2018-05-15 17:02:58', null);
INSERT INTO `sys_area` VALUES ('530100', '530000', '2', '530100', '昆明市', 'kms', '530100', null, '1', null, '2016-07-20 00:00:00', null, '2018-05-15 17:02:58', null, '2018-05-15 17:02:58', null);
INSERT INTO `sys_area` VALUES ('530300', '530000', '2', '530300', '曲靖市', 'qjs', '530300', null, '1', null, '2016-07-20 00:00:00', null, '2018-05-15 17:02:58', null, '2018-05-15 17:02:58', null);
INSERT INTO `sys_area` VALUES ('530400', '530000', '2', '530400', '玉溪市', 'yxs', '530400', null, '1', null, '2016-07-20 00:00:00', null, '2018-05-15 17:02:58', null, '2018-05-15 17:02:58', null);
INSERT INTO `sys_area` VALUES ('530500', '530000', '2', '530500', '保山市', 'bss', '530500', null, '1', null, '2016-07-20 00:00:00', null, '2018-05-15 17:02:58', null, '2018-05-15 17:02:58', null);
INSERT INTO `sys_area` VALUES ('530600', '530000', '2', '530600', '昭通市', 'zts', '530600', null, '1', null, '2016-07-20 00:00:00', null, '2018-05-15 17:02:58', null, '2018-05-15 17:02:58', null);
INSERT INTO `sys_area` VALUES ('530700', '530000', '2', '530700', '丽江市', 'ljs', '530700', null, '1', null, '2016-07-20 00:00:00', null, '2018-05-15 17:02:58', null, '2018-05-15 17:02:58', null);
INSERT INTO `sys_area` VALUES ('530800', '530000', '2', '530800', '普洱市', 'pes', '530800', null, '1', null, '2016-07-20 00:00:00', null, '2018-05-15 17:02:58', null, '2018-05-15 17:02:58', null);
INSERT INTO `sys_area` VALUES ('530900', '530000', '2', '530900', '临沧市', 'lcs', '530900', null, '1', null, '2016-07-20 00:00:00', null, '2018-05-15 17:02:58', null, '2018-05-15 17:02:58', null);
INSERT INTO `sys_area` VALUES ('532300', '530000', '2', '532300', '楚雄彝族自治州', 'cxyzzzz', '532300', null, '1', null, '2016-07-20 00:00:00', null, '2018-05-15 17:02:58', null, '2018-05-15 17:02:58', null);
INSERT INTO `sys_area` VALUES ('532500', '530000', '2', '532500', '红河哈尼族彝族自治州', 'hhhnzyzzzz', '532500', null, '1', null, '2016-07-20 00:00:00', null, '2018-05-15 17:02:58', null, '2018-05-15 17:02:58', null);
INSERT INTO `sys_area` VALUES ('532600', '530000', '2', '532600', '文山壮族苗族自治州', 'wszzmzzzz', '532600', null, '1', null, '2016-07-20 00:00:00', null, '2018-05-15 17:02:58', null, '2018-05-15 17:02:58', null);
INSERT INTO `sys_area` VALUES ('532800', '530000', '2', '532800', '西双版纳傣族自治州', 'xsbndzzzz', '532800', null, '1', null, '2016-07-20 00:00:00', null, '2018-05-15 17:02:58', null, '2018-05-15 17:02:58', null);
INSERT INTO `sys_area` VALUES ('532900', '530000', '2', '532900', '大理白族自治州', 'dlbzzzz', '532900', null, '1', null, '2016-07-20 00:00:00', null, '2018-05-15 17:02:58', null, '2018-05-15 17:02:58', null);
INSERT INTO `sys_area` VALUES ('533100', '530000', '2', '533100', '德宏傣族景颇族自治州', 'dhdzjpzzzz', '533100', null, '1', null, '2016-07-20 00:00:00', null, '2018-05-15 17:02:58', null, '2018-05-15 17:02:58', null);
INSERT INTO `sys_area` VALUES ('533300', '530000', '2', '533300', '怒江傈僳族自治州', 'njlszzzz', '533300', null, '1', null, '2016-07-20 00:00:00', null, '2018-05-15 17:02:58', null, '2018-05-15 17:02:58', null);
INSERT INTO `sys_area` VALUES ('533400', '530000', '2', '533400', '迪庆藏族自治州', 'dqzzzzz', '533400', null, '1', null, '2016-07-20 00:00:00', null, '2018-05-15 17:02:58', null, '2018-05-15 17:02:58', null);
INSERT INTO `sys_area` VALUES ('540100', '540000', '2', '540100', '拉萨市', 'lss', '540100', null, '1', null, '2016-07-20 00:00:00', null, '2018-05-15 17:02:58', null, '2018-05-15 17:02:58', null);
INSERT INTO `sys_area` VALUES ('542100', '540000', '2', '542100', '昌都地区', 'cddq', '542100', null, '1', null, '2016-07-20 00:00:00', null, '2018-05-15 17:02:58', null, '2018-05-15 17:02:58', null);
INSERT INTO `sys_area` VALUES ('542200', '540000', '2', '542200', '山南地区', 'sndq', '542200', null, '1', null, '2016-07-20 00:00:00', null, '2018-05-15 17:02:58', null, '2018-05-15 17:02:58', null);
INSERT INTO `sys_area` VALUES ('542300', '540000', '2', '542300', '日喀则地区', 'rkzdq', '542300', null, '1', null, '2016-07-20 00:00:00', null, '2018-05-15 17:02:58', null, '2018-05-15 17:02:58', null);
INSERT INTO `sys_area` VALUES ('542400', '540000', '2', '542400', '那曲地区', 'nqdq', '542400', null, '1', null, '2016-07-20 00:00:00', null, '2018-05-15 17:02:58', null, '2018-05-15 17:02:58', null);
INSERT INTO `sys_area` VALUES ('542500', '540000', '2', '542500', '阿里地区', 'aldq', '542500', null, '1', null, '2016-07-20 00:00:00', null, '2018-05-15 17:02:58', null, '2018-05-15 17:02:58', null);
INSERT INTO `sys_area` VALUES ('542600', '540000', '2', '542600', '林芝地区', 'lzdq', '542600', null, '1', null, '2016-07-20 00:00:00', null, '2018-05-15 17:02:58', null, '2018-05-15 17:02:58', null);
INSERT INTO `sys_area` VALUES ('610100', '610000', '2', '610100', '西安市', 'xas', '610100', null, '1', null, '2016-07-20 00:00:00', null, '2018-05-15 17:02:58', null, '2018-05-15 17:02:58', null);
INSERT INTO `sys_area` VALUES ('610200', '610000', '2', '610200', '铜川市', 'tcs', '610200', null, '1', null, '2016-07-20 00:00:00', null, '2018-05-15 17:02:58', null, '2018-05-15 17:02:58', null);
INSERT INTO `sys_area` VALUES ('610300', '610000', '2', '610300', '宝鸡市', 'bjs', '610300', null, '1', null, '2016-07-20 00:00:00', null, '2018-05-15 17:02:58', null, '2018-05-15 17:02:58', null);
INSERT INTO `sys_area` VALUES ('610400', '610000', '2', '610400', '咸阳市', 'xys', '610400', null, '1', null, '2016-07-20 00:00:00', null, '2018-05-15 17:02:58', null, '2018-05-15 17:02:58', null);
INSERT INTO `sys_area` VALUES ('610500', '610000', '2', '610500', '渭南市', 'wns', '610500', null, '1', null, '2016-07-20 00:00:00', null, '2018-05-15 17:02:58', null, '2018-05-15 17:02:58', null);
INSERT INTO `sys_area` VALUES ('610600', '610000', '2', '610600', '延安市', 'yas', '610600', null, '1', null, '2016-07-20 00:00:00', null, '2018-05-15 17:02:58', null, '2018-05-15 17:02:58', null);
INSERT INTO `sys_area` VALUES ('610700', '610000', '2', '610700', '汉中市', 'hzs', '610700', null, '1', null, '2016-07-20 00:00:00', null, '2018-05-15 17:02:58', null, '2018-05-15 17:02:58', null);
INSERT INTO `sys_area` VALUES ('610800', '610000', '2', '610800', '榆林市', 'yls', '610800', null, '1', null, '2016-07-20 00:00:00', null, '2018-05-15 17:02:58', null, '2018-05-15 17:02:58', null);
INSERT INTO `sys_area` VALUES ('610900', '610000', '2', '610900', '安康市', 'aks', '610900', null, '1', null, '2016-07-20 00:00:00', null, '2018-05-15 17:02:58', null, '2018-05-15 17:02:58', null);
INSERT INTO `sys_area` VALUES ('611000', '610000', '2', '611000', '商洛市', 'sls', '611000', null, '1', null, '2016-07-20 00:00:00', null, '2018-05-15 17:02:58', null, '2018-05-15 17:02:58', null);
INSERT INTO `sys_area` VALUES ('620100', '620000', '2', '620100', '兰州市', 'lzs', '620100', null, '1', null, '2016-07-20 00:00:00', null, '2018-05-15 17:02:58', null, '2018-05-15 17:02:58', null);
INSERT INTO `sys_area` VALUES ('620200', '620000', '2', '620200', '嘉峪关市', 'jygs', '620200', null, '1', null, '2016-07-20 00:00:00', null, '2018-05-15 17:02:58', null, '2018-05-15 17:02:58', null);
INSERT INTO `sys_area` VALUES ('620300', '620000', '2', '620300', '金昌市', 'jcs', '620300', null, '1', null, '2016-07-20 00:00:00', null, '2018-05-15 17:02:58', null, '2018-05-15 17:02:58', null);
INSERT INTO `sys_area` VALUES ('620400', '620000', '2', '620400', '白银市', 'bys', '620400', null, '1', null, '2016-07-20 00:00:00', null, '2018-05-15 17:02:58', null, '2018-05-15 17:02:58', null);
INSERT INTO `sys_area` VALUES ('620500', '620000', '2', '620500', '天水市', 'tss', '620500', null, '1', null, '2016-07-20 00:00:00', null, '2018-05-15 17:02:58', null, '2018-05-15 17:02:58', null);
INSERT INTO `sys_area` VALUES ('110000', '0', '1', '110000', '北京', 'bj', '110000', null, '1', null, '2016-07-20 00:00:00', null, '2018-05-15 17:02:58', null, '2018-05-15 17:02:58', null);
INSERT INTO `sys_area` VALUES ('120000', '0', '1', '120000', '天津', 'tj', '120000', null, '1', null, '2016-07-20 00:00:00', null, '2018-05-15 17:02:58', null, '2018-05-15 17:02:58', null);
INSERT INTO `sys_area` VALUES ('130000', '0', '1', '130000', '河北省', 'hbs', '130000', null, '1', null, '2016-07-20 00:00:00', null, '2018-05-15 17:02:58', null, '2018-05-15 17:02:58', null);
INSERT INTO `sys_area` VALUES ('140000', '0', '1', '140000', '山西省', 'sxs', '140000', null, '1', null, '2016-07-20 00:00:00', null, '2018-05-15 17:02:58', null, '2018-05-15 17:02:58', null);
INSERT INTO `sys_area` VALUES ('150000', '0', '1', '150000', '内蒙古自治区', 'nmgzzq', '150000', null, '1', null, '2016-07-20 00:00:00', null, '2018-05-15 17:02:58', null, '2018-05-15 17:02:58', null);
INSERT INTO `sys_area` VALUES ('210000', '0', '1', '210000', '辽宁省', 'lns', '210000', null, '1', null, '2016-07-20 00:00:00', null, '2018-05-15 17:02:58', null, '2018-05-15 17:02:58', null);
INSERT INTO `sys_area` VALUES ('220000', '0', '1', '220000', '吉林省', 'jls', '220000', null, '1', null, '2016-07-20 00:00:00', null, '2018-05-15 17:02:58', null, '2018-05-15 17:02:58', null);
INSERT INTO `sys_area` VALUES ('230000', '0', '1', '230000', '黑龙江省', 'hljs', '230000', null, '1', null, '2016-07-20 00:00:00', null, '2018-05-15 17:02:58', null, '2018-05-15 17:02:58', null);
INSERT INTO `sys_area` VALUES ('310000', '0', '1', '310000', '上海', 'sh', '310000', null, '1', null, '2016-07-20 00:00:00', null, '2018-05-15 17:02:58', null, '2018-05-15 17:02:58', null);
INSERT INTO `sys_area` VALUES ('320000', '0', '1', '320000', '江苏省', 'jss', '320000', null, '1', null, '2016-07-20 00:00:00', null, '2018-05-15 17:02:58', null, '2018-05-15 17:02:58', null);
INSERT INTO `sys_area` VALUES ('330000', '0', '1', '330000', '浙江省', 'zjs', '330000', null, '1', null, '2016-07-20 00:00:00', null, '2018-05-15 17:02:58', null, '2018-05-15 17:02:58', null);
INSERT INTO `sys_area` VALUES ('340000', '0', '1', '340000', '安徽省', 'ahs', '340000', null, '1', null, '2016-07-20 00:00:00', null, '2018-05-15 17:02:58', null, '2018-05-15 17:02:58', null);
INSERT INTO `sys_area` VALUES ('350000', '0', '1', '350000', '福建省', 'fjs', '350000', null, '1', null, '2016-07-20 00:00:00', null, '2018-05-15 17:02:58', null, '2018-05-15 17:02:58', null);
INSERT INTO `sys_area` VALUES ('360000', '0', '1', '360000', '江西省', 'jxs', '360000', null, '1', null, '2016-07-20 00:00:00', null, '2018-05-15 17:02:58', null, '2018-05-15 17:02:58', null);
INSERT INTO `sys_area` VALUES ('370000', '0', '1', '370000', '山东省', 'sds', '370000', null, '1', null, '2016-07-20 00:00:00', null, '2018-05-15 17:02:58', null, '2018-05-15 17:02:58', null);
INSERT INTO `sys_area` VALUES ('410000', '0', '1', '410000', '河南省', 'hns', '410000', null, '1', null, '2016-07-20 00:00:00', null, '2018-05-15 17:02:58', null, '2018-05-15 17:02:58', null);
INSERT INTO `sys_area` VALUES ('420000', '0', '1', '420000', '湖北省', 'hbs', '420000', null, '1', null, '2016-07-20 00:00:00', null, '2018-05-15 17:02:58', null, '2018-05-15 17:02:58', null);
INSERT INTO `sys_area` VALUES ('430000', '0', '1', '430000', '湖南省', 'hns', '430000', null, '1', null, '2016-07-20 00:00:00', null, '2018-05-15 17:02:58', null, '2018-05-15 17:02:58', null);
INSERT INTO `sys_area` VALUES ('440000', '0', '1', '440000', '广东省', 'gds', '440000', null, '1', null, '2016-07-20 00:00:00', null, '2018-05-15 17:02:58', null, '2018-05-15 17:02:58', null);
INSERT INTO `sys_area` VALUES ('450000', '0', '1', '450000', '广西壮族自治区', 'gxzzzzq', '450000', null, '1', null, '2016-07-20 00:00:00', null, '2018-05-15 17:02:58', null, '2018-05-15 17:02:58', null);
INSERT INTO `sys_area` VALUES ('460000', '0', '1', '460000', '海南省', 'hns', '460000', null, '1', null, '2016-07-20 00:00:00', null, '2018-05-15 17:02:58', null, '2018-05-15 17:02:58', null);
INSERT INTO `sys_area` VALUES ('500000', '0', '1', '500000', '重庆', 'zq', '500000', null, '1', null, '2016-07-20 00:00:00', null, '2018-05-15 17:02:58', null, '2018-05-15 17:02:58', null);
INSERT INTO `sys_area` VALUES ('510000', '0', '1', '510000', '四川省', 'scs', '510000', null, '1', null, '2016-07-20 00:00:00', null, '2018-05-15 17:02:58', null, '2018-05-15 17:02:58', null);
INSERT INTO `sys_area` VALUES ('520000', '0', '1', '520000', '贵州省', 'gzs', '520000', null, '1', null, '2016-07-20 00:00:00', null, '2018-05-15 17:02:58', null, '2018-05-15 17:02:58', null);
INSERT INTO `sys_area` VALUES ('530000', '0', '1', '530000', '云南省', 'yns', '530000', null, '1', null, '2016-07-20 00:00:00', null, '2018-05-15 17:02:58', null, '2018-05-15 17:02:58', null);
INSERT INTO `sys_area` VALUES ('540000', '0', '1', '540000', '西藏自治区', 'xzzzq', '540000', null, '1', null, '2016-07-20 00:00:00', null, '2018-05-15 17:02:58', null, '2018-05-15 17:02:58', null);
INSERT INTO `sys_area` VALUES ('610000', '0', '1', '610000', '陕西省', 'sxs', '610000', null, '1', null, '2016-07-20 00:00:00', null, '2018-05-15 17:02:58', null, '2018-05-15 17:02:58', null);
INSERT INTO `sys_area` VALUES ('620000', '0', '1', '620000', '甘肃省', 'gss', '620000', null, '1', null, '2016-07-20 00:00:00', null, '2018-05-15 17:02:58', null, '2018-05-15 17:02:58', null);
INSERT INTO `sys_area` VALUES ('630000', '0', '1', '630000', '青海省', 'qhs', '630000', null, '1', null, '2016-07-20 00:00:00', null, '2018-05-15 17:02:58', null, '2018-05-15 17:02:58', null);
INSERT INTO `sys_area` VALUES ('640000', '0', '1', '640000', '宁夏回族自治区', 'nxhzzzq', '640000', null, '1', null, '2016-07-20 00:00:00', null, '2018-05-15 17:02:58', null, '2018-05-15 17:02:58', null);
INSERT INTO `sys_area` VALUES ('650000', '0', '1', '650000', '新疆维吾尔自治区', 'xjwwezzq', '650000', null, '1', null, '2016-07-20 00:00:00', null, '2018-05-15 17:02:58', null, '2018-05-15 17:02:58', null);
INSERT INTO `sys_area` VALUES ('810000', '0', '1', '810000', '香港特别行政区', 'xgtbxzq', '810000', null, '1', null, '2016-07-20 00:00:00', null, '2018-05-15 17:02:58', null, '2018-05-15 17:02:58', null);
INSERT INTO `sys_area` VALUES ('820000', '0', '1', '820000', '澳门特别行政区', 'amtbxzq', '820000', null, '1', null, '2016-07-20 00:00:00', null, '2018-05-15 17:02:58', null, '2018-05-15 17:02:58', null);
INSERT INTO `sys_area` VALUES ('830000', '0', '1', '830000', '台湾省', 'tws', '830000', null, '1', null, '2016-07-20 00:00:00', null, '2018-05-15 17:02:58', null, '2018-05-15 17:02:58', null);
INSERT INTO `sys_area` VALUES ('150900', '150000', '2', '150900', '乌兰察布市', 'wlcbs', '150900', null, '1', null, '2016-07-20 00:00:00', null, '2018-05-15 17:02:58', null, '2018-05-15 17:02:58', null);
INSERT INTO `sys_area` VALUES ('340300', '340000', '2', '340300', '蚌埠市', 'bbs', '340300', null, '1', null, '2016-07-20 00:00:00', null, '2018-05-15 17:02:58', null, '2018-05-15 17:02:58', null);
INSERT INTO `sys_area` VALUES ('411700', '410000', '2', '411700', '驻马店市', 'zmds', '411700', null, '1', null, '2016-07-20 00:00:00', null, '2018-05-15 17:02:58', null, '2018-05-15 17:02:58', null);
INSERT INTO `sys_area` VALUES ('510600', '510000', '2', '510600', '德阳市', 'dys', '510600', null, '1', null, '2016-07-20 00:00:00', null, '2018-05-15 17:02:58', null, '2018-05-15 17:02:58', null);
INSERT INTO `sys_area` VALUES ('620600', '620000', '2', '620600', '武威市', 'wws', '620600', null, '1', null, '2016-07-20 00:00:00', null, '2018-05-15 17:02:58', null, '2018-05-15 17:02:58', null);
INSERT INTO `sys_area` VALUES ('620700', '620000', '2', '620700', '张掖市', 'zys', '620700', null, '1', null, '2016-07-20 00:00:00', null, '2018-05-15 17:02:58', null, '2018-05-15 17:02:58', null);
INSERT INTO `sys_area` VALUES ('620800', '620000', '2', '620800', '平凉市', 'pls', '620800', null, '1', null, '2016-07-20 00:00:00', null, '2018-05-15 17:02:58', null, '2018-05-15 17:02:58', null);
INSERT INTO `sys_area` VALUES ('620900', '620000', '2', '620900', '酒泉市', 'jqs', '620900', null, '1', null, '2016-07-20 00:00:00', null, '2018-05-15 17:02:58', null, '2018-05-15 17:02:58', null);
INSERT INTO `sys_area` VALUES ('621000', '620000', '2', '621000', '庆阳市', 'qys', '621000', null, '1', null, '2016-07-20 00:00:00', null, '2018-05-15 17:02:58', null, '2018-05-15 17:02:58', null);
INSERT INTO `sys_area` VALUES ('621100', '620000', '2', '621100', '定西市', 'dxs', '621100', null, '1', null, '2016-07-20 00:00:00', null, '2018-05-15 17:02:58', null, '2018-05-15 17:02:58', null);
INSERT INTO `sys_area` VALUES ('621200', '620000', '2', '621200', '陇南市', 'lns', '621200', null, '1', null, '2016-07-20 00:00:00', null, '2018-05-15 17:02:58', null, '2018-05-15 17:02:58', null);
INSERT INTO `sys_area` VALUES ('622900', '620000', '2', '622900', '临夏回族自治州', 'lxhzzzz', '622900', null, '1', null, '2016-07-20 00:00:00', null, '2018-05-15 17:02:58', null, '2018-05-15 17:02:58', null);
INSERT INTO `sys_area` VALUES ('623000', '620000', '2', '623000', '甘南藏族自治州', 'gnzzzzz', '623000', null, '1', null, '2016-07-20 00:00:00', null, '2018-05-15 17:02:58', null, '2018-05-15 17:02:58', null);
INSERT INTO `sys_area` VALUES ('630100', '630000', '2', '630100', '西宁市', 'xns', '630100', null, '1', null, '2016-07-20 00:00:00', null, '2018-05-15 17:02:58', null, '2018-05-15 17:02:58', null);
INSERT INTO `sys_area` VALUES ('632100', '630000', '2', '632100', '海东市', 'hds', '632100', null, '1', null, '2016-07-20 00:00:00', null, '2018-05-15 17:02:58', null, '2018-05-15 17:02:58', null);
INSERT INTO `sys_area` VALUES ('632200', '630000', '2', '632200', '海北藏族自治州', 'hbzzzzz', '632200', null, '1', null, '2016-07-20 00:00:00', null, '2018-05-15 17:02:58', null, '2018-05-15 17:02:58', null);
INSERT INTO `sys_area` VALUES ('632300', '630000', '2', '632300', '黄南藏族自治州', 'hnzzzzz', '632300', null, '1', null, '2016-07-20 00:00:00', null, '2018-05-15 17:02:58', null, '2018-05-15 17:02:58', null);
INSERT INTO `sys_area` VALUES ('632500', '630000', '2', '632500', '海南藏族自治州', 'hnzzzzz', '632500', null, '1', null, '2016-07-20 00:00:00', null, '2018-05-15 17:02:58', null, '2018-05-15 17:02:58', null);
INSERT INTO `sys_area` VALUES ('632600', '630000', '2', '632600', '果洛藏族自治州', 'glzzzzz', '632600', null, '1', null, '2016-07-20 00:00:00', null, '2018-05-15 17:02:58', null, '2018-05-15 17:02:58', null);
INSERT INTO `sys_area` VALUES ('632700', '630000', '2', '632700', '玉树藏族自治州', 'yszzzzz', '632700', null, '1', null, '2016-07-20 00:00:00', null, '2018-05-15 17:02:58', null, '2018-05-15 17:02:58', null);
INSERT INTO `sys_area` VALUES ('632800', '630000', '2', '632800', '海西蒙古族藏族自治州', 'hxmgzzzzzz', '632800', null, '1', null, '2016-07-20 00:00:00', null, '2018-05-15 17:02:58', null, '2018-05-15 17:02:58', null);
INSERT INTO `sys_area` VALUES ('640100', '640000', '2', '640100', '银川市', 'ycs', '640100', null, '1', null, '2016-07-20 00:00:00', null, '2018-05-15 17:02:58', null, '2018-05-15 17:02:58', null);
INSERT INTO `sys_area` VALUES ('640200', '640000', '2', '640200', '石嘴山市', 'szss', '640200', null, '1', null, '2016-07-20 00:00:00', null, '2018-05-15 17:02:58', null, '2018-05-15 17:02:58', null);
INSERT INTO `sys_area` VALUES ('640300', '640000', '2', '640300', '吴忠市', 'wzs', '640300', null, '1', null, '2016-07-20 00:00:00', null, '2018-05-15 17:02:58', null, '2018-05-15 17:02:58', null);
INSERT INTO `sys_area` VALUES ('640400', '640000', '2', '640400', '固原市', 'gys', '640400', null, '1', null, '2016-07-20 00:00:00', null, '2018-05-15 17:02:58', null, '2018-05-15 17:02:58', null);
INSERT INTO `sys_area` VALUES ('640500', '640000', '2', '640500', '中卫市', 'zws', '640500', null, '1', null, '2016-07-20 00:00:00', null, '2018-05-15 17:02:58', null, '2018-05-15 17:02:58', null);
INSERT INTO `sys_area` VALUES ('650100', '650000', '2', '650100', '乌鲁木齐市', 'wlmqs', '650100', null, '1', null, '2016-07-20 00:00:00', null, '2018-05-15 17:02:58', null, '2018-05-15 17:02:58', null);
INSERT INTO `sys_area` VALUES ('650200', '650000', '2', '650200', '克拉玛依市', 'klmys', '650200', null, '1', null, '2016-07-20 00:00:00', null, '2018-05-15 17:02:58', null, '2018-05-15 17:02:58', null);
INSERT INTO `sys_area` VALUES ('652100', '650000', '2', '652100', '吐鲁番地区', 'tlfdq', '652100', null, '1', null, '2016-07-20 00:00:00', null, '2018-05-15 17:02:58', null, '2018-05-15 17:02:58', null);
INSERT INTO `sys_area` VALUES ('652200', '650000', '2', '652200', '哈密地区', 'hmdq', '652200', null, '1', null, '2016-07-20 00:00:00', null, '2018-05-15 17:02:58', null, '2018-05-15 17:02:58', null);
INSERT INTO `sys_area` VALUES ('652300', '650000', '2', '652300', '昌吉回族自治州', 'cjhzzzz', '652300', null, '1', null, '2016-07-20 00:00:00', null, '2018-05-15 17:02:58', null, '2018-05-15 17:02:58', null);
INSERT INTO `sys_area` VALUES ('652700', '650000', '2', '652700', '博尔塔拉蒙古自治州', 'betlmgzzz', '652700', null, '1', null, '2016-07-20 00:00:00', null, '2018-05-15 17:02:58', null, '2018-05-15 17:02:58', null);
INSERT INTO `sys_area` VALUES ('652800', '650000', '2', '652800', '巴音郭楞蒙古自治州', 'byglmgzzz', '652800', null, '1', null, '2016-07-20 00:00:00', null, '2018-05-15 17:02:58', null, '2018-05-15 17:02:58', null);
INSERT INTO `sys_area` VALUES ('652900', '650000', '2', '652900', '阿克苏地区', 'aksdq', '652900', null, '1', null, '2016-07-20 00:00:00', null, '2018-05-15 17:02:58', null, '2018-05-15 17:02:58', null);
INSERT INTO `sys_area` VALUES ('653000', '650000', '2', '653000', '克孜勒苏柯尔克孜自治州', 'kzlskekzzzz', '653000', null, '1', null, '2016-07-20 00:00:00', null, '2018-05-15 17:02:58', null, '2018-05-15 17:02:58', null);
INSERT INTO `sys_area` VALUES ('653100', '650000', '2', '653100', '喀什地区', 'ksdq', '653100', null, '1', null, '2016-07-20 00:00:00', null, '2018-05-15 17:02:58', null, '2018-05-15 17:02:58', null);
INSERT INTO `sys_area` VALUES ('653200', '650000', '2', '653200', '和田地区', 'htdq', '653200', null, '1', null, '2016-07-20 00:00:00', null, '2018-05-15 17:02:58', null, '2018-05-15 17:02:58', null);
INSERT INTO `sys_area` VALUES ('654000', '650000', '2', '654000', '伊犁哈萨克自治州', 'ylhskzzz', '654000', null, '1', null, '2016-07-20 00:00:00', null, '2018-05-15 17:02:58', null, '2018-05-15 17:02:58', null);
INSERT INTO `sys_area` VALUES ('654200', '650000', '2', '654200', '塔城地区', 'tcdq', '654200', null, '1', null, '2016-07-20 00:00:00', null, '2018-05-15 17:02:58', null, '2018-05-15 17:02:58', null);
INSERT INTO `sys_area` VALUES ('654300', '650000', '2', '654300', '阿勒泰地区', 'altdq', '654300', null, '1', null, '2016-07-20 00:00:00', null, '2018-05-15 17:02:58', null, '2018-05-15 17:02:58', null);
INSERT INTO `sys_area` VALUES ('810100', '810000', '2', '810100', '香港岛', 'xgd', '810100', null, '1', null, '2016-07-20 00:00:00', null, '2018-05-15 17:02:58', null, '2018-05-15 17:02:58', null);
INSERT INTO `sys_area` VALUES ('810200', '810000', '2', '810200', '九龙', 'jl', '810200', null, '1', null, '2016-07-20 00:00:00', null, '2018-05-15 17:02:58', null, '2018-05-15 17:02:58', null);
INSERT INTO `sys_area` VALUES ('810300', '810000', '2', '810300', '新界', 'xj', '810300', null, '1', null, '2016-07-20 00:00:00', null, '2018-05-15 17:02:58', null, '2018-05-15 17:02:58', null);
INSERT INTO `sys_area` VALUES ('820100', '820000', '2', '820100', '澳门半岛', 'ambd', '820100', null, '1', null, '2016-07-20 00:00:00', null, '2018-05-15 17:02:58', null, '2018-05-15 17:02:58', null);
INSERT INTO `sys_area` VALUES ('820300', '820000', '2', '820300', '路环岛', 'lhd', '820300', null, '1', null, '2016-07-20 00:00:00', null, '2018-05-15 17:02:58', null, '2018-05-15 17:02:58', null);
INSERT INTO `sys_area` VALUES ('820400', '820000', '2', '820400', '凼仔岛', 'dzd', '820400', null, '1', null, '2016-07-20 00:00:00', null, '2018-05-15 17:02:58', null, '2018-05-15 17:02:58', null);
INSERT INTO `sys_area` VALUES ('830100', '830000', '2', '830100', '台北市', 'tbs', '830100', null, '1', null, '2016-07-20 00:00:00', null, '2018-05-15 17:02:58', null, '2018-05-15 17:02:58', null);
INSERT INTO `sys_area` VALUES ('830200', '830000', '2', '830200', '高雄市', 'gxs', '830200', null, '1', null, '2016-07-20 00:00:00', null, '2018-05-15 17:02:58', null, '2018-05-15 17:02:58', null);
INSERT INTO `sys_area` VALUES ('830300', '830000', '2', '830300', '台南市', 'tns', '830300', null, '1', null, '2016-07-20 00:00:00', null, '2018-05-15 17:02:58', null, '2018-05-15 17:02:58', null);
INSERT INTO `sys_area` VALUES ('830400', '830000', '2', '830400', '台中市', 'tzs', '830400', null, '1', null, '2016-07-20 00:00:00', null, '2018-05-15 17:02:58', null, '2018-05-15 17:02:58', null);
INSERT INTO `sys_area` VALUES ('830500', '830000', '2', '830500', '南投县', 'ntx', '830500', null, '1', null, '2016-07-20 00:00:00', null, '2018-05-15 17:02:58', null, '2018-05-15 17:02:58', null);
INSERT INTO `sys_area` VALUES ('830600', '830000', '2', '830600', '基隆市', 'jls', '830600', null, '1', null, '2016-07-20 00:00:00', null, '2018-05-15 17:02:58', null, '2018-05-15 17:02:58', null);
INSERT INTO `sys_area` VALUES ('830700', '830000', '2', '830700', '新竹市', 'xzs', '830700', null, '1', null, '2016-07-20 00:00:00', null, '2018-05-15 17:02:58', null, '2018-05-15 17:02:58', null);
INSERT INTO `sys_area` VALUES ('830800', '830000', '2', '830800', '嘉义市', 'jys', '830800', null, '1', null, '2016-07-20 00:00:00', null, '2018-05-15 17:02:58', null, '2018-05-15 17:02:58', null);
INSERT INTO `sys_area` VALUES ('830900', '830000', '2', '830900', '宜兰县', 'ylx', '830900', null, '1', null, '2016-07-20 00:00:00', null, '2018-05-15 17:02:58', null, '2018-05-15 17:02:58', null);
INSERT INTO `sys_area` VALUES ('831000', '830000', '2', '831000', '新竹县', 'xzx', '831000', null, '1', null, '2016-07-20 00:00:00', null, '2018-05-15 17:02:58', null, '2018-05-15 17:02:58', null);
INSERT INTO `sys_area` VALUES ('831100', '830000', '2', '831100', '桃园县', 'tyx', '831100', null, '1', null, '2016-07-20 00:00:00', null, '2018-05-15 17:02:58', null, '2018-05-15 17:02:58', null);
INSERT INTO `sys_area` VALUES ('831200', '830000', '2', '831200', '苗栗县', 'mlx', '831200', null, '1', null, '2016-07-20 00:00:00', null, '2018-05-15 17:02:58', null, '2018-05-15 17:02:58', null);
INSERT INTO `sys_area` VALUES ('831300', '830000', '2', '831300', '彰化县', 'zhx', '831300', null, '1', null, '2016-07-20 00:00:00', null, '2018-05-15 17:02:58', null, '2018-05-15 17:02:58', null);
INSERT INTO `sys_area` VALUES ('831400', '830000', '2', '831400', '嘉义县', 'jyx', '831400', null, '1', null, '2016-07-20 00:00:00', null, '2018-05-15 17:02:58', null, '2018-05-15 17:02:58', null);
INSERT INTO `sys_area` VALUES ('831500', '830000', '2', '831500', '云林县', 'ylx', '831500', null, '1', null, '2016-07-20 00:00:00', null, '2018-05-15 17:02:58', null, '2018-05-15 17:02:58', null);
INSERT INTO `sys_area` VALUES ('831600', '830000', '2', '831600', '屏东县', 'pdx', '831600', null, '1', null, '2016-07-20 00:00:00', null, '2018-05-15 17:02:58', null, '2018-05-15 17:02:58', null);
INSERT INTO `sys_area` VALUES ('831700', '830000', '2', '831700', '台东县', 'tdx', '831700', null, '1', null, '2016-07-20 00:00:00', null, '2018-05-15 17:02:58', null, '2018-05-15 17:02:58', null);
INSERT INTO `sys_area` VALUES ('831800', '830000', '2', '831800', '花莲县', 'hlx', '831800', null, '1', null, '2016-07-20 00:00:00', null, '2018-05-15 17:02:58', null, '2018-05-15 17:02:58', null);
INSERT INTO `sys_area` VALUES ('831900', '830000', '2', '831900', '澎湖县', 'phx', '831900', null, '1', null, '2016-07-20 00:00:00', null, '2018-05-15 17:02:58', null, '2018-05-15 17:02:58', null);
INSERT INTO `sys_area` VALUES ('832000', '830000', '2', '832000', '新北市', 'xbs', '832000', null, '1', null, '2016-07-20 00:00:00', null, '2018-05-15 17:02:58', null, '2018-05-15 17:02:58', null);
INSERT INTO `sys_area` VALUES ('832100', '830000', '2', '832100', '台中县', 'tzx', '832100', null, '1', null, '2016-07-20 00:00:00', null, '2018-05-15 17:02:58', null, '2018-05-15 17:02:58', null);
INSERT INTO `sys_area` VALUES ('832200', '830000', '2', '832200', '连江县', 'ljx', '832200', null, '1', null, '2016-07-20 00:00:00', null, '2018-05-15 17:02:58', null, '2018-05-15 17:02:58', null);
INSERT INTO `sys_area` VALUES ('110100', '110000', '2', '110100', '北京市', 'bjs', '110100', null, '1', null, '2016-07-20 00:00:00', null, '2018-05-15 17:02:58', null, '2018-05-15 17:02:58', null);

-- ----------------------------
-- Table structure for `sys_dbbackup`
-- ----------------------------
DROP TABLE IF EXISTS `sys_dbbackup`;
CREATE TABLE `sys_dbbackup` (
  `Id` varchar(50) NOT NULL,
  `BackupType` varchar(50) DEFAULT NULL,
  `DbName` varchar(50) DEFAULT NULL,
  `FileName` varchar(50) DEFAULT NULL,
  `FileSize` varchar(50) DEFAULT NULL,
  `FilePath` varchar(255) DEFAULT NULL,
  `BackupTime` timestamp NOT NULL DEFAULT CURRENT_TIMESTAMP ON UPDATE CURRENT_TIMESTAMP,
  `SortCode` int(11) DEFAULT NULL,
  `DeleteMark` tinyint(4) DEFAULT NULL,
  `EnabledMark` tinyint(4) DEFAULT NULL,
  `Description` varchar(255) DEFAULT NULL,
  `CreatorTime` timestamp NOT NULL DEFAULT '0000-00-00 00:00:00',
  `CreatorUserId` varchar(50) DEFAULT NULL,
  `LastModifyTime` timestamp NOT NULL DEFAULT '0000-00-00 00:00:00',
  `LastModifyUserId` varchar(50) DEFAULT NULL,
  `DeleteTime` timestamp NOT NULL DEFAULT '0000-00-00 00:00:00',
  `DeleteUserId` varchar(255) DEFAULT NULL,
  PRIMARY KEY (`Id`)
) ENGINE=MyISAM DEFAULT CHARSET=utf8;

-- ----------------------------
-- Records of sys_dbbackup
-- ----------------------------

-- ----------------------------
-- Table structure for `sys_filterip`
-- ----------------------------
DROP TABLE IF EXISTS `sys_filterip`;
CREATE TABLE `sys_filterip` (
  `Id` varchar(50) NOT NULL,
  `Type` tinyint(4) DEFAULT NULL,
  `StartIP` varchar(50) DEFAULT NULL,
  `EndIP` varchar(50) DEFAULT NULL,
  `SortCode` int(11) DEFAULT NULL,
  `DeleteMark` tinyint(4) DEFAULT NULL,
  `EnabledMark` tinyint(4) DEFAULT NULL,
  `Description` varchar(255) DEFAULT NULL,
  `CreatorTime` timestamp NOT NULL DEFAULT CURRENT_TIMESTAMP ON UPDATE CURRENT_TIMESTAMP,
  `CreatorUserId` varchar(50) DEFAULT NULL,
  `LastModifyTime` timestamp NOT NULL DEFAULT '0000-00-00 00:00:00',
  `LastModifyUserId` varchar(50) DEFAULT NULL,
  `DeleteTime` timestamp NOT NULL DEFAULT '0000-00-00 00:00:00',
  `DeleteUserId` varchar(255) DEFAULT NULL,
  PRIMARY KEY (`Id`)
) ENGINE=MyISAM DEFAULT CHARSET=utf8;

-- ----------------------------
-- Records of sys_filterip
-- ----------------------------

-- ----------------------------
-- Table structure for `sys_items`
-- ----------------------------
DROP TABLE IF EXISTS `sys_items`;
CREATE TABLE `sys_items` (
  `Id` varchar(50) NOT NULL,
  `ParentId` varchar(50) DEFAULT NULL,
  `EnCode` varchar(50) DEFAULT NULL,
  `FullName` varchar(50) DEFAULT NULL,
  `IsTree` tinyint(4) DEFAULT NULL,
  `Layers` int(11) DEFAULT NULL,
  `SortCode` int(11) DEFAULT NULL,
  `DeleteMark` tinyint(4) DEFAULT NULL,
  `EnabledMark` tinyint(4) DEFAULT NULL,
  `Description` varchar(255) DEFAULT NULL,
  `CreatorTime` timestamp NOT NULL DEFAULT CURRENT_TIMESTAMP ON UPDATE CURRENT_TIMESTAMP,
  `CreatorUserId` varchar(50) DEFAULT NULL,
  `LastModifyTime` timestamp NOT NULL DEFAULT '0000-00-00 00:00:00',
  `LastModifyUserId` varchar(50) DEFAULT NULL,
  `DeleteTime` timestamp NOT NULL DEFAULT '0000-00-00 00:00:00',
  `DeleteUserId` varchar(50) DEFAULT NULL,
  PRIMARY KEY (`Id`)
) ENGINE=MyISAM DEFAULT CHARSET=utf8;

-- ----------------------------
-- Records of sys_items
-- ----------------------------
INSERT INTO `sys_items` VALUES ('77070117-3F1A-41BA-BF81-B8B85BF10D5E', '0', 'Sys_Items', '通用字典', '0', '1', '1', '0', '1', null, '2018-05-15 17:02:58', null, '2018-05-15 17:02:58', null, '2018-05-15 17:02:58', null);
INSERT INTO `sys_items` VALUES ('9EB4602B-BF9A-4710-9D80-C73CE89BEC5D', '77070117-3F1A-41BA-BF81-B8B85BF10D5E', 'OrganizeCategory', '机构分类', '0', '2', '2', '0', '1', null, '2018-05-15 17:02:58', null, '2018-05-15 17:02:58', null, '2018-05-15 17:02:58', null);
INSERT INTO `sys_items` VALUES ('D94E4DC1-C2FD-4D19-9D5D-3886D39900CE', '77070117-3F1A-41BA-BF81-B8B85BF10D5E', 'RoleType', '角色类型', '0', '2', '3', '0', '1', null, '2018-05-15 17:02:58', null, '2018-05-15 17:02:58', null, '2018-05-15 17:02:58', null);
INSERT INTO `sys_items` VALUES ('0DF5B725-5FB8-487F-B0E4-BC563A77EB04', '77070117-3F1A-41BA-BF81-B8B85BF10D5E', 'DbType', '数据库类型', '0', '2', '4', '0', '1', null, '2018-05-15 17:02:58', null, '2018-05-15 17:02:58', null, '2018-05-15 17:02:58', null);
INSERT INTO `sys_items` VALUES ('9a7079bd-0660-4549-9c2d-db5e8616619f', '77070117-3F1A-41BA-BF81-B8B85BF10D5E', 'DbLogType', '系统日志', null, null, '16', null, '1', null, '2016-07-19 17:09:45', null, '2018-05-15 17:02:58', null, '2018-05-15 17:02:58', null);
INSERT INTO `sys_items` VALUES ('954AB9A1-9928-4C6D-820A-FC1CDC85CDE0', '77070117-3F1A-41BA-BF81-B8B85BF10D5E', 'AuditState', '审核状态', '0', '2', '6', '0', '1', null, '2018-05-15 17:02:58', null, '2018-05-15 17:02:58', null, '2018-05-15 17:02:58', null);
INSERT INTO `sys_items` VALUES ('2748F35F-4EE2-417C-A907-3453146AAF67', '77070117-3F1A-41BA-BF81-B8B85BF10D5E', 'Certificate', '证件名称', '0', '2', '7', '0', '1', null, '2018-05-15 17:02:58', null, '2018-05-15 17:02:58', null, '2018-05-15 17:02:58', null);
INSERT INTO `sys_items` VALUES ('00F76465-DBBA-484A-B75C-E81DEE9313E6', '77070117-3F1A-41BA-BF81-B8B85BF10D5E', 'Education', '学历', '0', '2', '8', '0', '1', null, '2018-05-15 17:02:58', null, '2018-05-15 17:02:58', null, '2018-05-15 17:02:58', null);
INSERT INTO `sys_items` VALUES ('FA7537E2-1C64-4431-84BF-66158DD63269', '77070117-3F1A-41BA-BF81-B8B85BF10D5E', '101', '婚姻', '0', '2', '12', '0', '1', null, '2018-05-15 17:02:58', null, '2018-05-15 17:02:58', null, '2018-05-15 17:02:58', null);
INSERT INTO `sys_items` VALUES ('8CEB2F71-026C-4FA6-9A61-378127AE7320', '77070117-3F1A-41BA-BF81-B8B85BF10D5E', '102', '生育', '0', '2', '13', '0', '1', null, '2018-05-15 17:02:58', null, '2018-05-15 17:02:58', null, '2018-05-15 17:02:58', null);
INSERT INTO `sys_items` VALUES ('15023A4E-4856-44EB-BE71-36A106E2AA59', '77070117-3F1A-41BA-BF81-B8B85BF10D5E', '103', '民族', '0', '2', '14', '0', '1', null, '2018-05-15 17:02:58', null, '2018-05-15 17:02:58', null, '2018-05-15 17:02:58', null);
INSERT INTO `sys_items` VALUES ('BDD797C3-2323-4868-9A63-C8CC3437AEAA', '77070117-3F1A-41BA-BF81-B8B85BF10D5E', '104', '性别', '0', '2', '15', '0', '1', null, '2018-05-15 17:02:58', null, '2018-05-15 17:02:58', null, '2018-05-15 17:02:58', null);
INSERT INTO `sys_items` VALUES ('d73369be-3435-4dd0-bb07-4ff2a54c0e0a', '77070117-3F1A-41BA-BF81-B8B85BF10D5E', 'CertificateType', '证书类型', null, null, '50', null, '1', null, '2018-05-16 12:39:24', '9f2ec079-7d0f-4fe2-90ab-8b09a8302aba', '2018-05-16 12:39:24', null, '2018-05-16 12:39:24', null);

-- ----------------------------
-- Table structure for `sys_itemsdetail`
-- ----------------------------
DROP TABLE IF EXISTS `sys_itemsdetail`;
CREATE TABLE `sys_itemsdetail` (
  `Id` varchar(50) NOT NULL,
  `ItemId` varchar(50) DEFAULT NULL,
  `ParentId` varchar(50) DEFAULT NULL,
  `ItemCode` varchar(50) DEFAULT NULL,
  `ItemName` varchar(50) DEFAULT NULL,
  `SimpleSpelling` varchar(255) DEFAULT NULL,
  `IsDefault` tinyint(4) DEFAULT NULL,
  `Layers` int(11) DEFAULT NULL,
  `SortCode` int(11) DEFAULT NULL,
  `DeleteMark` tinyint(4) DEFAULT NULL,
  `EnabledMark` tinyint(4) DEFAULT NULL,
  `Description` varchar(255) DEFAULT NULL,
  `CreatorTime` timestamp NOT NULL DEFAULT CURRENT_TIMESTAMP ON UPDATE CURRENT_TIMESTAMP,
  `CreatorUserId` varchar(50) DEFAULT NULL,
  `LastModifyTime` timestamp NOT NULL DEFAULT '0000-00-00 00:00:00',
  `LastModifyUserId` varchar(50) DEFAULT NULL,
  `DeleteTime` timestamp NOT NULL DEFAULT '0000-00-00 00:00:00',
  `DeleteUserId` varchar(50) DEFAULT NULL,
  PRIMARY KEY (`Id`)
) ENGINE=MyISAM DEFAULT CHARSET=utf8;

-- ----------------------------
-- Records of sys_itemsdetail
-- ----------------------------
INSERT INTO `sys_itemsdetail` VALUES ('B97BD7F5-B212-40C1-A1F7-DD9A2E63EEF2', '9EB4602B-BF9A-4710-9D80-C73CE89BEC5D', null, 'Group', '集团', null, null, null, '1', '0', '1', null, '2018-05-15 17:02:58', null, '2018-05-15 17:02:58', null, '2018-05-15 17:02:58', null);
INSERT INTO `sys_itemsdetail` VALUES ('2C3715AC-16F7-48FC-AB40-B0931DB1E729', '9EB4602B-BF9A-4710-9D80-C73CE89BEC5D', null, 'Area', '区域', null, null, null, '2', '0', '1', null, '2018-05-15 17:02:58', null, '2018-05-15 17:02:58', null, '2018-05-15 17:02:58', null);
INSERT INTO `sys_itemsdetail` VALUES ('D082BDB9-5C34-49BF-BD51-4E85D7BFF646', '9EB4602B-BF9A-4710-9D80-C73CE89BEC5D', null, 'Company', '公司', null, null, null, '3', '0', '1', null, '2018-05-15 17:02:58', null, '2018-05-15 17:02:58', null, '2018-05-15 17:02:58', null);
INSERT INTO `sys_itemsdetail` VALUES ('2B540AC5-6E64-4688-BB60-E0C01DFA982C', '9EB4602B-BF9A-4710-9D80-C73CE89BEC5D', null, 'SubCompany', '子公司', null, null, null, '4', '0', '1', null, '2018-05-15 17:02:58', null, '2018-05-15 17:02:58', null, '2018-05-15 17:02:58', null);
INSERT INTO `sys_itemsdetail` VALUES ('A64EBB80-6A24-48AF-A10E-B6A532C32CA6', '9EB4602B-BF9A-4710-9D80-C73CE89BEC5D', null, 'Department', '部门', null, null, null, '5', '0', '1', null, '2018-05-15 17:02:58', null, '2018-05-15 17:02:58', null, '2018-05-15 17:02:58', null);
INSERT INTO `sys_itemsdetail` VALUES ('D1F439B9-D80E-4547-9EF0-163391854AB5', '9EB4602B-BF9A-4710-9D80-C73CE89BEC5D', null, 'SubDepartment', '子部门', null, null, null, '6', '0', '1', null, '2018-05-15 17:02:58', null, '2018-05-15 17:02:58', null, '2018-05-15 17:02:58', null);
INSERT INTO `sys_itemsdetail` VALUES ('19EE595A-E775-409D-A48F-B33CF9F262C7', '9EB4602B-BF9A-4710-9D80-C73CE89BEC5D', null, 'WorkGroup', '小组', null, '0', null, '7', '0', '1', null, '2018-05-15 17:02:58', null, '2018-05-15 17:02:58', null, '2018-05-15 17:02:58', null);
INSERT INTO `sys_itemsdetail` VALUES ('e5079bae-a8c0-4209-9019-6a2b4a3a7dac', 'D94E4DC1-C2FD-4D19-9D5D-3886D39900CE', null, '1', '系统角色', null, '0', null, '1', '0', '1', null, '2018-05-15 17:02:58', null, '2018-05-15 17:02:58', null, '2018-05-15 17:02:58', null);
INSERT INTO `sys_itemsdetail` VALUES ('04aba88d-f09b-46c6-bd90-a38471399b0e', 'D94E4DC1-C2FD-4D19-9D5D-3886D39900CE', null, '2', '业务角色', null, '0', null, '2', '0', '1', null, '2018-05-15 17:02:58', null, '2018-05-15 17:02:58', null, '2018-05-15 17:02:58', null);
INSERT INTO `sys_itemsdetail` VALUES ('cc6daa5c-a71c-4b2c-9a98-336bc3ee13c8', 'D94E4DC1-C2FD-4D19-9D5D-3886D39900CE', null, '3', '其他角色', null, '0', null, '3', '0', '1', null, '2018-05-15 17:02:58', null, '2018-05-15 17:02:58', null, '2018-05-15 17:02:58', null);
INSERT INTO `sys_itemsdetail` VALUES ('7a6d1bc4-3ec7-4c57-be9b-b4c97d60d5f6', '954AB9A1-9928-4C6D-820A-FC1CDC85CDE0', null, '1', '草稿', null, '0', null, '1', '0', '1', null, '2018-05-15 17:02:58', null, '2018-05-15 17:02:58', null, '2018-05-15 17:02:58', null);
INSERT INTO `sys_itemsdetail` VALUES ('ce340c73-5048-4940-b86e-e3b3d53fdb2c', '954AB9A1-9928-4C6D-820A-FC1CDC85CDE0', null, '2', '提交', null, '0', null, '2', '0', '1', null, '2018-05-15 17:02:58', null, '2018-05-15 17:02:58', null, '2018-05-15 17:02:58', null);
INSERT INTO `sys_itemsdetail` VALUES ('41053517-215d-4e11-81cd-367c0e9578d7', '954AB9A1-9928-4C6D-820A-FC1CDC85CDE0', null, '3', '通过', null, '0', null, '3', '0', '1', null, '2018-05-15 17:02:58', null, '2018-05-15 17:02:58', null, '2018-05-15 17:02:58', null);
INSERT INTO `sys_itemsdetail` VALUES ('e1979a4f-7fc1-42b9-a0e2-52d7059e8fb9', '954AB9A1-9928-4C6D-820A-FC1CDC85CDE0', null, '4', '待审', null, '0', null, '4', '0', '1', null, '2018-05-15 17:02:58', null, '2018-05-15 17:02:58', null, '2018-05-15 17:02:58', null);
INSERT INTO `sys_itemsdetail` VALUES ('63acf96d-6115-4d76-a994-438f59419aad', '954AB9A1-9928-4C6D-820A-FC1CDC85CDE0', null, '5', '退回', null, '0', null, '5', '0', '1', null, '2018-05-15 17:02:58', null, '2018-05-15 17:02:58', null, '2018-05-15 17:02:58', null);
INSERT INTO `sys_itemsdetail` VALUES ('8b7b38bf-07c5-4f71-a853-41c5add4a94e', '954AB9A1-9928-4C6D-820A-FC1CDC85CDE0', null, '6', '完成', null, '0', null, '6', '0', '1', null, '2018-05-15 17:02:58', null, '2018-05-15 17:02:58', null, '2018-05-15 17:02:58', null);
INSERT INTO `sys_itemsdetail` VALUES ('49b68663-ad01-4c43-b084-f98e3e23fee8', '954AB9A1-9928-4C6D-820A-FC1CDC85CDE0', null, '7', '废弃', null, '0', null, '7', '0', '1', null, '2018-05-15 17:02:58', null, '2018-05-15 17:02:58', null, '2018-05-15 17:02:58', null);
INSERT INTO `sys_itemsdetail` VALUES ('fa6c1873-888c-4b70-a2cc-59fccbb22078', '0DF5B725-5FB8-487F-B0E4-BC563A77EB04', null, 'SqlServer', 'SqlServer', null, '0', null, '1', '0', '1', null, '2018-05-15 17:02:58', null, '2018-05-15 17:02:58', null, '2018-05-15 17:02:58', null);
INSERT INTO `sys_itemsdetail` VALUES ('27e85cb8-04e7-447b-911d-dd1e97dfab83', '0DF5B725-5FB8-487F-B0E4-BC563A77EB04', null, 'Oracle', 'Oracle', null, '0', null, '2', '0', '1', null, '2018-05-15 17:02:58', null, '2018-05-15 17:02:58', null, '2018-05-15 17:02:58', null);
INSERT INTO `sys_itemsdetail` VALUES ('34a642b2-44d4-485f-b3fc-6cce24f68b0f', '0DF5B725-5FB8-487F-B0E4-BC563A77EB04', null, 'MySql', 'MySql', null, '0', null, '3', '0', '1', null, '2018-05-15 17:02:58', null, '2018-05-15 17:02:58', null, '2018-05-15 17:02:58', null);
INSERT INTO `sys_itemsdetail` VALUES ('1950efdf-8685-4341-8d2c-ac85ac7addd0', '00F76465-DBBA-484A-B75C-E81DEE9313E6', null, '1', '小学', null, '0', null, '1', '0', '1', null, '2018-05-15 17:02:58', null, '2018-05-15 17:02:58', null, '2018-05-15 17:02:58', null);
INSERT INTO `sys_itemsdetail` VALUES ('433511a9-78bd-41a0-ab25-e4d4b3423055', '00F76465-DBBA-484A-B75C-E81DEE9313E6', null, '2', '初中', null, '0', null, '2', '0', '1', null, '2018-05-15 17:02:58', null, '2018-05-15 17:02:58', null, '2018-05-15 17:02:58', null);
INSERT INTO `sys_itemsdetail` VALUES ('acb128a6-ff63-4e25-b1e8-0a336ed3ab18', '00F76465-DBBA-484A-B75C-E81DEE9313E6', null, '3', '高中', null, '0', null, '3', '0', '1', null, '2018-05-15 17:02:58', null, '2018-05-15 17:02:58', null, '2018-05-15 17:02:58', null);
INSERT INTO `sys_itemsdetail` VALUES ('a4974810-d88d-4d54-82cc-fd779875478f', '00F76465-DBBA-484A-B75C-E81DEE9313E6', null, '4', '中专', null, '0', null, '4', '0', '1', null, '2018-05-15 17:02:58', null, '2018-05-15 17:02:58', null, '2018-05-15 17:02:58', null);
INSERT INTO `sys_itemsdetail` VALUES ('486a82e3-1950-425e-b2ce-b5d98f33016a', '00F76465-DBBA-484A-B75C-E81DEE9313E6', null, '5', '大专', null, '0', null, '5', '0', '1', null, '2018-05-15 17:02:58', null, '2018-05-15 17:02:58', null, '2018-05-15 17:02:58', null);
INSERT INTO `sys_itemsdetail` VALUES ('34222d46-e0c6-446e-8150-dbefc47a1d5f', '00F76465-DBBA-484A-B75C-E81DEE9313E6', null, '6', '本科', null, '0', null, '6', '0', '1', null, '2018-05-15 17:02:58', null, '2018-05-15 17:02:58', null, '2018-05-15 17:02:58', null);
INSERT INTO `sys_itemsdetail` VALUES ('3f280e2b-92f6-466c-8cc3-d7c8ff48cc8d', '00F76465-DBBA-484A-B75C-E81DEE9313E6', null, '7', '硕士', null, '0', null, '7', '0', '1', null, '2018-05-15 17:02:58', null, '2018-05-15 17:02:58', null, '2018-05-15 17:02:58', null);
INSERT INTO `sys_itemsdetail` VALUES ('930b8de2-049f-4753-b9fd-87f484911ee4', '00F76465-DBBA-484A-B75C-E81DEE9313E6', null, '8', '博士', null, '0', null, '8', '0', '1', null, '2018-05-15 17:02:58', null, '2018-05-15 17:02:58', null, '2018-05-15 17:02:58', null);
INSERT INTO `sys_itemsdetail` VALUES ('355ad7a4-c4f8-4bd3-9c72-ff07983da0f0', '00F76465-DBBA-484A-B75C-E81DEE9313E6', null, '9', '其他', null, '0', null, '9', '0', '1', null, '2018-05-15 17:02:58', null, '2018-05-15 17:02:58', null, '2018-05-15 17:02:58', null);
INSERT INTO `sys_itemsdetail` VALUES ('5d6def0e-e2a7-48eb-b43c-cc3631f60dd7', 'BDD797C3-2323-4868-9A63-C8CC3437AEAA', null, '1', '男', null, '0', null, '1', '0', '1', null, '2018-05-15 17:02:58', null, '2018-05-15 17:02:58', null, '2018-05-15 17:02:58', null);
INSERT INTO `sys_itemsdetail` VALUES ('822baf7c-abdb-4257-9b78-1f550806f544', 'BDD797C3-2323-4868-9A63-C8CC3437AEAA', null, '0', '女', null, '0', null, '2', '0', '1', null, '2018-05-15 17:02:58', null, '2018-05-15 17:02:58', null, '2018-05-15 17:02:58', null);
INSERT INTO `sys_itemsdetail` VALUES ('738edf2a-d59f-4992-97ef-d847db23bcb8', 'FA7537E2-1C64-4431-84BF-66158DD63269', null, '1', '已婚', null, '0', null, '1', '0', '1', null, '2018-05-15 17:02:58', null, '2018-05-15 17:02:58', null, '2018-05-15 17:02:58', null);
INSERT INTO `sys_itemsdetail` VALUES ('a7c4aba2-a891-4558-9b0a-bd7a1100a645', 'FA7537E2-1C64-4431-84BF-66158DD63269', null, '2', '未婚', null, '0', null, '2', '0', '1', null, '2018-05-15 17:02:58', null, '2018-05-15 17:02:58', null, '2018-05-15 17:02:58', null);
INSERT INTO `sys_itemsdetail` VALUES ('f9609400-7caf-49af-ae3c-7671a9292fb3', 'FA7537E2-1C64-4431-84BF-66158DD63269', null, '3', '离异', null, '0', null, '3', '0', '1', null, '2018-05-15 17:02:58', null, '2018-05-15 17:02:58', null, '2018-05-15 17:02:58', null);
INSERT INTO `sys_itemsdetail` VALUES ('a6f271f9-8653-4c5c-86cf-4cd00324b3c3', 'FA7537E2-1C64-4431-84BF-66158DD63269', null, '4', '丧偶', null, '0', null, '4', '0', '1', null, '2018-05-15 17:02:58', null, '2018-05-15 17:02:58', null, '2018-05-15 17:02:58', null);
INSERT INTO `sys_itemsdetail` VALUES ('7c1135be-0148-43eb-ae49-62a1e16ebbe3', 'FA7537E2-1C64-4431-84BF-66158DD63269', null, '5', '其他', null, '0', null, '5', '0', '1', null, '2018-05-15 17:02:58', null, '2018-05-15 17:02:58', null, '2018-05-15 17:02:58', null);
INSERT INTO `sys_itemsdetail` VALUES ('582e0b66-2ee9-4885-9f0c-3ce3ebf96e12', '8CEB2F71-026C-4FA6-9A61-378127AE7320', null, '1', '已育', null, '0', null, '1', '0', '1', null, '2018-05-15 17:02:58', null, '2018-05-15 17:02:58', null, '2018-05-15 17:02:58', null);
INSERT INTO `sys_itemsdetail` VALUES ('de2167f3-40fe-4bf7-b8cb-5b1c554bad7a', '8CEB2F71-026C-4FA6-9A61-378127AE7320', null, '2', '未育', null, '0', null, '2', '0', '1', null, '2018-05-15 17:02:58', null, '2018-05-15 17:02:58', null, '2018-05-15 17:02:58', null);
INSERT INTO `sys_itemsdetail` VALUES ('9b6a2225-6138-4cf2-9845-1bbecdf9b3ed', '8CEB2F71-026C-4FA6-9A61-378127AE7320', null, '3', '其他', null, '0', null, '3', '0', '1', null, '2018-05-15 17:02:58', null, '2018-05-15 17:02:58', null, '2018-05-15 17:02:58', null);
INSERT INTO `sys_itemsdetail` VALUES ('49300258-1227-4b85-b6a2-e948dbbe57a4', '15023A4E-4856-44EB-BE71-36A106E2AA59', null, '汉族', '汉族', null, '0', null, '1', '0', '1', null, '2018-05-15 17:02:58', null, '2018-05-15 17:02:58', null, '2018-05-15 17:02:58', null);
INSERT INTO `sys_itemsdetail` VALUES ('d69cb819-2bb3-4e1d-9917-33b9a439233d', '2748F35F-4EE2-417C-A907-3453146AAF67', null, '1', '身份证', null, '0', null, '1', '0', '1', null, '2018-05-15 17:02:58', null, '2018-05-15 17:02:58', null, '2018-05-15 17:02:58', null);
INSERT INTO `sys_itemsdetail` VALUES ('4c2f2428-2e00-4336-b9ce-5a61f24193f6', '2748F35F-4EE2-417C-A907-3453146AAF67', null, '2', '士兵证', null, '0', null, '2', '0', '1', null, '2018-05-15 17:02:58', null, '2018-05-15 17:02:58', null, '2018-05-15 17:02:58', null);
INSERT INTO `sys_itemsdetail` VALUES ('48c4e0f5-f570-4601-8946-6078762db3bf', '2748F35F-4EE2-417C-A907-3453146AAF67', null, '3', '军官证', null, '0', null, '3', '0', '1', null, '2018-05-15 17:02:58', null, '2018-05-15 17:02:58', null, '2018-05-15 17:02:58', null);
INSERT INTO `sys_itemsdetail` VALUES ('0096ad81-4317-486e-9144-a6a02999ff19', '2748F35F-4EE2-417C-A907-3453146AAF67', null, '4', '护照', null, '0', null, '4', '0', '1', null, '2018-05-15 17:02:58', null, '2018-05-15 17:02:58', null, '2018-05-15 17:02:58', null);
INSERT INTO `sys_itemsdetail` VALUES ('ace2d5e8-56d4-4c8b-8409-34bc272df404', '2748F35F-4EE2-417C-A907-3453146AAF67', null, '5', '其它', null, '0', null, '5', '0', '1', null, '2018-05-15 17:02:58', null, '2018-05-15 17:02:58', null, '2018-05-15 17:02:58', null);
INSERT INTO `sys_itemsdetail` VALUES ('795f2695-497a-4f5e-ab1d-706095c1edb9', '9a7079bd-0660-4549-9c2d-db5e8616619f', null, 'Other', '其他', null, '0', null, '0', '0', '1', null, '2018-05-16 13:09:55', null, '2016-07-19 18:20:09', null, '2018-05-15 17:02:58', null);
INSERT INTO `sys_itemsdetail` VALUES ('643209c8-931b-4641-9e04-b8bdd11800af', '9a7079bd-0660-4549-9c2d-db5e8616619f', null, 'Login', '登录', null, '0', null, '1', '0', '1', null, '2018-05-16 13:09:55', null, '2016-07-19 18:20:17', null, '2018-05-15 17:02:58', null);
INSERT INTO `sys_itemsdetail` VALUES ('3c884a03-4f34-4150-b134-966387f1de2a', '9a7079bd-0660-4549-9c2d-db5e8616619f', null, 'Exit', '退出', null, '0', null, '2', '0', '1', null, '2018-05-16 13:09:55', null, '2016-07-19 18:20:23', null, '2018-05-15 17:02:58', null);
INSERT INTO `sys_itemsdetail` VALUES ('ccc8e274-75da-4eb8-bed0-69008ab7c41c', '9a7079bd-0660-4549-9c2d-db5e8616619f', null, 'Visit', '访问', null, '0', null, '3', '0', '1', null, '2018-05-16 13:09:55', null, '2016-07-19 18:20:29', null, '2018-05-15 17:02:58', null);
INSERT INTO `sys_itemsdetail` VALUES ('e545061c-93fd-4ca2-ab29-b43db9db798b', '9a7079bd-0660-4549-9c2d-db5e8616619f', null, 'Create', '新增', null, '0', null, '4', '0', '1', null, '2018-05-16 13:09:55', null, '2016-07-19 18:20:35', null, '2018-05-15 17:02:58', null);
INSERT INTO `sys_itemsdetail` VALUES ('a13ccf0d-ac8f-44ac-a522-4a54edf1f0fa', '9a7079bd-0660-4549-9c2d-db5e8616619f', null, 'Delete', '删除', null, '0', null, '5', '0', '1', null, '2018-05-16 13:09:55', null, '2016-07-19 18:20:43', null, '2018-05-15 17:02:58', null);
INSERT INTO `sys_itemsdetail` VALUES ('392f88a8-02c2-49eb-8aed-b2acf474272a', '9a7079bd-0660-4549-9c2d-db5e8616619f', null, 'Update', '修改', null, '0', null, '6', '0', '1', null, '2018-05-16 13:09:55', null, '2016-07-19 18:20:49', null, '2018-05-15 17:02:58', null);
INSERT INTO `sys_itemsdetail` VALUES ('24e39617-f04e-4f6f-9209-ad71e870e7c6', '9a7079bd-0660-4549-9c2d-db5e8616619f', null, 'Submit', '提交', null, '0', null, '7', '0', '1', null, '2018-05-16 13:09:55', null, '2016-07-19 18:20:54', null, '2018-05-15 17:02:58', null);
INSERT INTO `sys_itemsdetail` VALUES ('7fc8fa11-4acf-409a-a771-aaf1eb81e814', '9a7079bd-0660-4549-9c2d-db5e8616619f', null, 'Exception', '异常', null, '0', null, '8', '0', '1', null, '2018-05-16 13:09:55', null, '2016-07-19 18:21:01', null, '2018-05-15 17:02:58', null);
INSERT INTO `sys_itemsdetail` VALUES ('ef1923a3-42f3-44ab-8ee1-5004746d369a', 'd73369be-3435-4dd0-bb07-4ff2a54c0e0a', null, '1', '生涯规划师', null, '0', null, '1', '0', '1', null, '2018-05-16 13:09:55', '9f2ec079-7d0f-4fe2-90ab-8b09a8302aba', '2018-05-16 12:39:45', null, '2018-05-16 12:39:45', null);
INSERT INTO `sys_itemsdetail` VALUES ('f8809437-d39d-4f87-9d7d-9c28d5c1808a', 'd73369be-3435-4dd0-bb07-4ff2a54c0e0a', null, '2', '高考志愿规划师', null, '0', null, '2', '0', '1', null, '2018-05-16 13:09:55', '9f2ec079-7d0f-4fe2-90ab-8b09a8302aba', '2018-05-16 12:39:57', null, '2018-05-16 12:39:57', null);
INSERT INTO `sys_itemsdetail` VALUES ('19635873-445d-4c0a-881b-f4b106730f0b', 'd73369be-3435-4dd0-bb07-4ff2a54c0e0a', null, '3', '生涯发展与综合素质能力培训', null, '0', null, '3', '0', '1', null, '2018-05-16 13:09:55', '9f2ec079-7d0f-4fe2-90ab-8b09a8302aba', '2018-05-16 12:40:07', null, '2018-05-16 12:40:07', null);

-- ----------------------------
-- Table structure for `sys_log`
-- ----------------------------
DROP TABLE IF EXISTS `sys_log`;
CREATE TABLE `sys_log` (
  `Id` varchar(50) NOT NULL,
  `Date` timestamp NOT NULL DEFAULT CURRENT_TIMESTAMP ON UPDATE CURRENT_TIMESTAMP,
  `Account` varchar(50) DEFAULT NULL,
  `NickName` varchar(50) DEFAULT NULL,
  `Type` varchar(50) DEFAULT NULL,
  `IPAddress` varchar(50) DEFAULT NULL,
  `IPAddressName` varchar(50) DEFAULT NULL,
  `ModuleId` varchar(50) DEFAULT NULL,
  `ModuleName` varchar(50) DEFAULT NULL,
  `Result` tinyint(4) DEFAULT NULL,
  `Description` varchar(255) DEFAULT NULL,
  `CreatorTime` timestamp NOT NULL DEFAULT '0000-00-00 00:00:00',
  `CreatorUserId` varchar(50) DEFAULT NULL,
  PRIMARY KEY (`Id`)
) ENGINE=MyISAM DEFAULT CHARSET=utf8;

-- ----------------------------
-- Records of sys_log
-- ----------------------------
INSERT INTO `sys_log` VALUES ('4d1caaae-8df0-4343-91ff-1cf4606c64ae', '2018-05-15 18:01:21', 'admin', '超级管理员', 'Login', '117.81.192.182', '江苏省苏州市 电信', null, '系统登录', '1', '登录成功', '2018-05-15 18:01:21', '9f2ec079-7d0f-4fe2-90ab-8b09a8302aba');
INSERT INTO `sys_log` VALUES ('103c000c-5879-4ee2-a37b-0c0ae6d71ee8', '2018-05-15 18:46:46', 'admin', '超级管理员', 'Login', '117.81.192.182', '江苏省苏州市 电信', null, '系统登录', '1', '登录成功', '2018-05-15 18:46:47', '9f2ec079-7d0f-4fe2-90ab-8b09a8302aba');
INSERT INTO `sys_log` VALUES ('b5e21ef2-be77-457d-8b3a-140cce0a7f12', '2018-05-15 19:01:13', 'admin', '超级管理员', 'Exit', '117.81.192.182', '江苏省苏州市 电信', null, '系统登录', '1', '安全退出系统', '2018-05-15 19:01:13', '9f2ec079-7d0f-4fe2-90ab-8b09a8302aba');
INSERT INTO `sys_log` VALUES ('756034fd-02b4-4d1a-a9c0-df09e7ace02f', '2018-05-15 19:01:18', 'linkcareer', 'linkcareer', 'Login', '117.81.192.182', '江苏省苏州市 电信', null, '系统登录', '1', '登录成功', '2018-05-15 19:01:18', '784e096d-6dd9-4d36-bd04-c8d4df4446e0');
INSERT INTO `sys_log` VALUES ('ac833350-b63c-43aa-9778-a32b6fa984d1', '2018-05-15 19:02:34', 'linkcareer', 'linkcareer', 'Exit', '117.81.192.182', '江苏省苏州市 电信', null, '系统登录', '1', '安全退出系统', '2018-05-15 19:02:34', '784e096d-6dd9-4d36-bd04-c8d4df4446e0');
INSERT INTO `sys_log` VALUES ('7af5beb3-2b91-482d-b83e-9e41a12edf47', '2018-05-15 19:02:40', 'linkcareer', 'linkcareer', 'Login', '117.81.192.182', '江苏省苏州市 电信', null, '系统登录', '1', '登录成功', '2018-05-15 19:02:40', '784e096d-6dd9-4d36-bd04-c8d4df4446e0');
INSERT INTO `sys_log` VALUES ('ae45609e-d12d-447a-a8b5-4294c87873fa', '2018-05-15 19:03:49', 'admin', '超级管理员', 'Exit', '117.81.192.182', '江苏省苏州市 电信', null, '系统登录', '1', '安全退出系统', '2018-05-15 19:03:50', '9f2ec079-7d0f-4fe2-90ab-8b09a8302aba');
INSERT INTO `sys_log` VALUES ('5f8ee520-6b37-46e5-ba66-76556c78936c', '2018-05-15 19:04:22', 'linkcareer', 'linkcareer', 'Login', '117.81.192.182', '江苏省苏州市 电信', null, '系统登录', '1', '登录成功', '2018-05-15 19:04:22', '784e096d-6dd9-4d36-bd04-c8d4df4446e0');
INSERT INTO `sys_log` VALUES ('4c9ff79a-bbd4-4f26-ad6f-f860dc86a04c', '2018-05-15 19:08:26', 'linkcareer', 'linkcareer', 'Login', '117.81.192.182', '江苏省苏州市 电信', null, '系统登录', '1', '登录成功', '2018-05-15 19:08:26', '784e096d-6dd9-4d36-bd04-c8d4df4446e0');
INSERT INTO `sys_log` VALUES ('e9e86ed8-762a-4790-9583-0ef1b31bf356', '2018-05-15 19:14:11', 'linkcareer', 'linkcareer', 'Login', '117.81.192.182', '江苏省苏州市 电信', null, '系统登录', '1', '登录成功', '2018-05-15 19:14:11', '784e096d-6dd9-4d36-bd04-c8d4df4446e0');
INSERT INTO `sys_log` VALUES ('064a842b-f841-45a7-98a3-235441e145bf', '2018-05-15 19:15:16', 'linkcareer', 'linkcareer', 'Login', '117.81.192.182', '江苏省苏州市 电信', null, '系统登录', '1', '登录成功', '2018-05-15 19:15:16', '784e096d-6dd9-4d36-bd04-c8d4df4446e0');
INSERT INTO `sys_log` VALUES ('a8cec639-a41b-442f-a5c2-7ace169bf1fd', '2018-05-15 20:09:39', 'admin', 'admin', 'Login', '117.81.192.182', '江苏省苏州市 电信', null, '系统登录', '0', '登录失败，验证码错误，请重新输入', '2018-05-15 20:09:40', null);
INSERT INTO `sys_log` VALUES ('0aa4a40d-63a3-4b24-8005-ebefb79129ad', '2018-05-15 20:09:52', 'linkcareer', 'linkcareer', 'Login', '117.81.192.182', '江苏省苏州市 电信', null, '系统登录', '1', '登录成功', '2018-05-15 20:09:52', '784e096d-6dd9-4d36-bd04-c8d4df4446e0');
INSERT INTO `sys_log` VALUES ('8e91b4d2-ea40-4668-afe3-4d1c3cf78596', '2018-05-15 20:10:01', 'linkcareer', 'linkcareer', 'Login', '117.81.192.182', '江苏省苏州市 电信', null, '系统登录', '1', '登录成功', '2018-05-15 20:10:01', '784e096d-6dd9-4d36-bd04-c8d4df4446e0');
INSERT INTO `sys_log` VALUES ('efea8369-0079-4629-bd75-e32d9007a695', '2018-05-15 20:10:36', 'linkcareer', 'linkcareer', 'Login', '117.81.192.182', '江苏省苏州市 电信', null, '系统登录', '1', '登录成功', '2018-05-15 20:10:36', '784e096d-6dd9-4d36-bd04-c8d4df4446e0');
INSERT INTO `sys_log` VALUES ('34cca1f5-04e4-4d2f-a035-5ad4b82ad5b9', '2018-05-15 20:51:07', 'admin', '超级管理员', 'Login', '117.81.192.182', '江苏省苏州市 电信', null, '系统登录', '1', '登录成功', '2018-05-15 20:51:07', '9f2ec079-7d0f-4fe2-90ab-8b09a8302aba');
INSERT INTO `sys_log` VALUES ('7488a7e0-a284-4544-9225-0bc49d4a023d', '2018-05-15 20:53:32', 'linkcaree', 'linkcaree', 'Login', '117.81.192.182', '江苏省苏州市 电信', null, '系统登录', '0', '登录失败，账户不存在，请重新输入', '2018-05-15 20:53:32', null);
INSERT INTO `sys_log` VALUES ('6d5a53dc-f99e-4c6e-9244-cd24182437b0', '2018-05-15 20:53:49', 'linkcareer', 'linkcareer', 'Login', '117.81.192.182', '江苏省苏州市 电信', null, '系统登录', '1', '登录成功', '2018-05-15 20:53:49', '784e096d-6dd9-4d36-bd04-c8d4df4446e0');
INSERT INTO `sys_log` VALUES ('03cf3efb-5a6c-4228-ab6f-12c9f5ab759e', '2018-05-15 21:07:10', 'linkcareer', 'linkcareer', 'Login', '117.81.192.182', '江苏省苏州市 电信', null, '系统登录', '1', '登录成功', '2018-05-15 21:07:10', '784e096d-6dd9-4d36-bd04-c8d4df4446e0');
INSERT INTO `sys_log` VALUES ('cd05a0ca-c6c8-43ea-a3dd-226fcacab205', '2018-05-15 21:08:04', 'linkcareer', 'linkcareer', 'Exit', '117.81.192.182', '江苏省苏州市 电信', null, '系统登录', '1', '安全退出系统', '2018-05-15 21:08:04', '784e096d-6dd9-4d36-bd04-c8d4df4446e0');
INSERT INTO `sys_log` VALUES ('6d8bd9b6-5f40-4138-9aa8-b363fa9116a4', '2018-05-15 21:08:14', 'admin', '超级管理员', 'Login', '117.81.192.182', '江苏省苏州市 电信', null, '系统登录', '1', '登录成功', '2018-05-15 21:08:15', '9f2ec079-7d0f-4fe2-90ab-8b09a8302aba');
INSERT INTO `sys_log` VALUES ('d1fadd81-82da-4cfb-bd1e-eab958e64883', '2018-05-15 21:09:02', 'admin', '超级管理员', 'Exit', '117.81.192.182', '江苏省苏州市 电信', null, '系统登录', '1', '安全退出系统', '2018-05-15 21:09:02', '9f2ec079-7d0f-4fe2-90ab-8b09a8302aba');
INSERT INTO `sys_log` VALUES ('fe9ea18c-0f9e-4876-a0c3-9a89d56e8d0c', '2018-05-15 21:09:07', 'linkcareer', 'linkcareer', 'Login', '117.81.192.182', '江苏省苏州市 电信', null, '系统登录', '1', '登录成功', '2018-05-15 21:09:07', '784e096d-6dd9-4d36-bd04-c8d4df4446e0');
INSERT INTO `sys_log` VALUES ('bdd8ba4d-426e-4528-8d5e-747e09e13d7f', '2018-05-16 01:36:01', 'linkcareer', 'linkcareer', 'Login', '117.81.192.182', '江苏省苏州市 电信', null, '系统登录', '1', '登录成功', '2018-05-16 01:36:01', '784e096d-6dd9-4d36-bd04-c8d4df4446e0');
INSERT INTO `sys_log` VALUES ('61d78e33-2856-43af-b68f-acbd7cb983db', '2018-05-16 09:35:26', 'linkcareer', 'linkcareer', 'Login', '117.81.192.182', '江苏省苏州市 电信', null, '系统登录', '1', '登录成功', '2018-05-16 09:35:27', '784e096d-6dd9-4d36-bd04-c8d4df4446e0');
INSERT INTO `sys_log` VALUES ('eb624dcb-e59c-435a-8586-26b143721b31', '2018-05-16 12:35:39', 'linkcareer', 'linkcareer', 'Login', '117.81.192.182', '江苏省苏州市 电信', null, '系统登录', '1', '登录成功', '2018-05-16 12:35:40', '784e096d-6dd9-4d36-bd04-c8d4df4446e0');
INSERT INTO `sys_log` VALUES ('134e64bb-cac3-4acb-89c2-54cbd97c0692', '2018-05-16 12:35:53', 'linkcareer', 'linkcareer', 'Exit', '117.81.192.182', '江苏省苏州市 电信', null, '系统登录', '1', '安全退出系统', '2018-05-16 12:35:53', '784e096d-6dd9-4d36-bd04-c8d4df4446e0');
INSERT INTO `sys_log` VALUES ('07130b99-6251-43f9-b7e8-33f014275672', '2018-05-16 12:36:00', 'admin', '超级管理员', 'Login', '117.81.192.182', '江苏省苏州市 电信', null, '系统登录', '1', '登录成功', '2018-05-16 12:36:00', '9f2ec079-7d0f-4fe2-90ab-8b09a8302aba');
INSERT INTO `sys_log` VALUES ('e135063b-61ad-4293-bbc4-3f107d0b33c0', '2018-05-16 12:40:18', 'admin', '超级管理员', 'Exit', '117.81.192.182', '江苏省苏州市 电信', null, '系统登录', '1', '安全退出系统', '2018-05-16 12:40:18', '9f2ec079-7d0f-4fe2-90ab-8b09a8302aba');
INSERT INTO `sys_log` VALUES ('2ce8ee5c-349c-4238-9b93-78e15b0524f4', '2018-05-16 12:40:26', 'linkcareer', 'linkcareer', 'Login', '117.81.192.182', '江苏省苏州市 电信', null, '系统登录', '1', '登录成功', '2018-05-16 12:40:26', '784e096d-6dd9-4d36-bd04-c8d4df4446e0');
INSERT INTO `sys_log` VALUES ('125dfe4d-7e6b-4459-85f3-d0e0085ca15b', '2018-05-16 14:50:35', 'linkcareer', 'linkcareer', 'Login', '117.81.192.182', '江苏省苏州市 电信', null, '系统登录', '1', '登录成功', '2018-05-16 14:50:35', '784e096d-6dd9-4d36-bd04-c8d4df4446e0');

-- ----------------------------
-- Table structure for `sys_module`
-- ----------------------------
DROP TABLE IF EXISTS `sys_module`;
CREATE TABLE `sys_module` (
  `Id` varchar(50) NOT NULL,
  `ParentId` varchar(50) DEFAULT NULL,
  `Layers` int(11) DEFAULT NULL,
  `EnCode` varchar(50) DEFAULT NULL,
  `FullName` varchar(50) DEFAULT NULL,
  `Icon` varchar(50) DEFAULT NULL,
  `UrlAddress` varchar(255) DEFAULT NULL,
  `Target` varchar(50) DEFAULT NULL,
  `IsMenu` tinyint(4) DEFAULT NULL,
  `IsExpand` tinyint(4) DEFAULT NULL,
  `IsPublic` tinyint(4) DEFAULT NULL,
  `AllowEdit` tinyint(4) DEFAULT NULL,
  `AllowDelete` tinyint(4) DEFAULT NULL,
  `SortCode` int(11) DEFAULT NULL,
  `DeleteMark` tinyint(4) DEFAULT NULL,
  `EnabledMark` tinyint(4) DEFAULT NULL,
  `Description` varchar(255) DEFAULT NULL,
  `CreatorTime` timestamp NOT NULL DEFAULT CURRENT_TIMESTAMP ON UPDATE CURRENT_TIMESTAMP,
  `CreatorUserId` varchar(50) DEFAULT NULL,
  `LastModifyTime` timestamp NOT NULL DEFAULT '0000-00-00 00:00:00',
  `LastModifyUserId` varchar(50) DEFAULT NULL,
  `DeleteTime` timestamp NOT NULL DEFAULT '0000-00-00 00:00:00',
  `DeleteUserId` varchar(50) DEFAULT NULL,
  PRIMARY KEY (`Id`)
) ENGINE=MyISAM DEFAULT CHARSET=utf8;

-- ----------------------------
-- Records of sys_module
-- ----------------------------
INSERT INTO `sys_module` VALUES ('e72c75d0-3a69-41ad-b220-13c9a62ec788', '73FD1267-79BA-4E23-A152-744AF73117E9', null, null, '数据备份', null, '/SystemSecurity/DbBackup/Index', 'iframe', '1', '0', '0', '0', '0', '1', null, '1', null, '2016-07-17 22:05:07', null, '2016-07-20 16:15:40', null, '2018-05-15 17:02:58', null);
INSERT INTO `sys_module` VALUES ('462027E0-0848-41DD-BCC3-025DCAE65555', '0', '1', null, '系统管理', 'fa fa-gears', null, 'expand', '0', '1', '0', '0', '0', '2', '0', '1', null, '2018-05-15 17:02:58', null, '2016-07-22 15:46:46', '9f2ec079-7d0f-4fe2-90ab-8b09a8302aba', '2018-05-15 17:02:58', null);
INSERT INTO `sys_module` VALUES ('73FD1267-79BA-4E23-A152-744AF73117E9', '0', '1', null, '系统安全', 'fa fa-desktop', null, 'expand', '0', '1', '0', '0', '0', '3', '0', '1', null, '2018-05-15 17:02:58', null, '2016-07-22 15:46:56', '9f2ec079-7d0f-4fe2-90ab-8b09a8302aba', '2018-05-15 17:02:58', null);
INSERT INTO `sys_module` VALUES ('51174D27-3001-4CCF-AAB2-0AA2A6CEAA50', '0', '1', null, '统计报表', 'fa fa-bar-chart-o', 'fa fa-bar-chart-o', 'expand', '0', '1', '0', '0', '0', '4', '0', '1', null, '2018-05-15 17:02:58', null, '2016-07-22 15:47:10', '9f2ec079-7d0f-4fe2-90ab-8b09a8302aba', '2018-05-15 17:02:58', null);
INSERT INTO `sys_module` VALUES ('9F56840F-DF92-4936-A48C-8F65A39291A2', '0', '1', null, '常用示例', 'fa fa-tags', null, 'expand', '0', '1', '0', '0', '0', '5', '0', '1', null, '2018-05-15 17:02:58', null, '2016-07-22 15:47:23', '9f2ec079-7d0f-4fe2-90ab-8b09a8302aba', '2018-05-15 17:02:58', null);
INSERT INTO `sys_module` VALUES ('a3a4742d-ca39-42ec-b95a-8552a6fae579', '73FD1267-79BA-4E23-A152-744AF73117E9', null, null, '访问控制', null, '/SystemSecurity/FilterIP/Index', 'iframe', '1', '0', '0', '0', '0', '2', null, '1', null, '2016-07-17 22:06:10', null, '2016-07-20 16:16:02', null, '2018-05-15 17:02:58', null);
INSERT INTO `sys_module` VALUES ('64A1C550-2C61-4A8C-833D-ACD0C012260F', '462027E0-0848-41DD-BCC3-025DCAE65555', '2', null, '系统菜单', null, '/SystemManage/Module/Index', 'iframe', '1', '0', '0', '0', '0', '7', '0', '1', '测试', '2018-05-15 17:02:58', null, '2016-07-27 10:50:09', '9f2ec079-7d0f-4fe2-90ab-8b09a8302aba', '2018-05-15 17:02:58', null);
INSERT INTO `sys_module` VALUES ('38CA5A66-C993-4410-AF95-50489B22939C', '462027E0-0848-41DD-BCC3-025DCAE65555', '2', null, '用户管理', null, '/SystemManage/User/Index', 'iframe', '1', '0', '0', '0', '0', '4', '0', '1', null, '2018-05-15 17:02:58', null, '2016-07-14 16:22:47', null, '2018-05-15 17:02:58', null);
INSERT INTO `sys_module` VALUES ('252229DB-35CA-47AE-BDAE-C9903ED5BA7B', '462027E0-0848-41DD-BCC3-025DCAE65555', '2', null, '机构管理', null, '/SystemManage/Organize/Index', 'iframe', '1', '0', '0', '0', '0', '1', '0', '1', null, '2018-05-15 17:02:58', null, '2016-07-15 22:21:04', null, '2018-05-15 17:02:58', null);
INSERT INTO `sys_module` VALUES ('91A6CFAD-B2F9-4294-BDAE-76DECF412C6C', '462027E0-0848-41DD-BCC3-025DCAE65555', '2', null, '角色管理', null, '/SystemManage/Role/Index', 'iframe', '1', '0', '0', '0', '0', '2', '0', '1', null, '2018-05-15 17:02:58', null, '2016-07-14 16:22:35', null, '2018-05-15 17:02:58', null);
INSERT INTO `sys_module` VALUES ('337A4661-99A5-4E5E-B028-861CACAF9917', '462027E0-0848-41DD-BCC3-025DCAE65555', '2', null, '区域管理', null, '/SystemManage/Area/Index', 'iframe', '1', '0', '0', '0', '0', '5', '0', '1', null, '2018-05-15 17:02:58', null, '2016-07-14 16:21:47', null, '2018-05-15 17:02:58', null);
INSERT INTO `sys_module` VALUES ('423A200B-FA5F-4B29-B7B7-A3F5474B725F', '462027E0-0848-41DD-BCC3-025DCAE65555', '2', null, '数据字典', null, '/SystemManage/ItemsData/Index', 'iframe', '1', '0', '0', '0', '0', '6', '0', '1', null, '2018-05-15 17:02:58', null, '2016-07-15 22:26:07', null, '2018-05-15 17:02:58', null);
INSERT INTO `sys_module` VALUES ('F298F868-B689-4982-8C8B-9268CBF0308D', '462027E0-0848-41DD-BCC3-025DCAE65555', '2', null, '岗位管理', null, '/SystemManage/Duty/Index', 'iframe', '1', '0', '0', '0', '0', '3', '0', '1', null, '2018-05-15 17:02:58', null, '2016-07-14 16:22:41', null, '2018-05-15 17:02:58', null);
INSERT INTO `sys_module` VALUES ('96EE855E-8CD2-47FC-A51D-127C131C9FB9', '73FD1267-79BA-4E23-A152-744AF73117E9', '2', null, '系统日志', null, '/SystemSecurity/Log/Index', 'iframe', '1', '0', '0', '0', '0', '3', '0', '1', null, '2018-05-15 17:02:58', null, '2016-07-20 16:16:19', null, '2018-05-15 17:02:58', null);
INSERT INTO `sys_module` VALUES ('df9920e0-ba33-4e36-a911-ef08c6ea77ea', '51174D27-3001-4CCF-AAB2-0AA2A6CEAA50', null, null, '饼图', null, '/ReportManage/Highcharts/Sample7', 'iframe', '1', '0', '0', '0', '0', '12', null, '1', null, '2016-07-20 17:13:32', null, '2016-07-22 15:45:37', '9f2ec079-7d0f-4fe2-90ab-8b09a8302aba', '2018-05-15 17:02:58', null);
INSERT INTO `sys_module` VALUES ('3A95BBC6-CB5B-4438-869F-5F7B738E2568', null, null, null, '散点图', null, null, 'iframe', null, null, null, null, null, null, null, null, null, '2018-05-15 17:02:58', null, '2018-05-15 17:02:58', null, '2018-05-15 17:02:58', null);
INSERT INTO `sys_module` VALUES ('49F61713-C1E4-420E-BEEC-0B4DBC2D7DE8', '73FD1267-79BA-4E23-A152-744AF73117E9', '2', null, '服务器监控', null, '/SystemSecurity/ServerMonitoring/Index', 'iframe', '1', '0', '0', '0', '0', '4', '0', '1', null, '2018-05-15 17:02:58', null, '2016-07-20 16:16:38', null, '2018-05-15 17:02:58', null);
INSERT INTO `sys_module` VALUES ('F2DAD50B-95DF-48F7-8638-BA503B539143', '51174D27-3001-4CCF-AAB2-0AA2A6CEAA50', '2', null, '折线图', null, '/ReportManage/Highcharts/Sample1', 'iframe', '1', '0', '0', '0', '0', '1', '0', '1', null, '2018-05-15 17:02:58', null, '2016-07-22 15:47:43', '9f2ec079-7d0f-4fe2-90ab-8b09a8302aba', '2018-05-15 17:02:58', null);
INSERT INTO `sys_module` VALUES ('0EDF1DDB-CA17-4D08-AA25-914FE4E13324', '51174D27-3001-4CCF-AAB2-0AA2A6CEAA50', '2', null, '曲线图', null, '/ReportManage/Highcharts/Sample2', 'iframe', '1', '0', '0', '0', '0', '2', '0', '1', null, '2018-05-15 17:02:58', null, '2016-07-22 15:45:07', '9f2ec079-7d0f-4fe2-90ab-8b09a8302aba', '2018-05-15 17:02:58', null);
INSERT INTO `sys_module` VALUES ('AD4BC418-B66E-48C7-BC13-81590056CD15', null, null, null, '气泡图', null, null, 'iframe', null, null, null, null, null, null, null, null, null, '2018-05-15 17:02:58', null, '2018-05-15 17:02:58', null, '2018-05-15 17:02:58', null);
INSERT INTO `sys_module` VALUES ('C3D12056-D906-4D8B-8B9C-954942742BDE', '51174D27-3001-4CCF-AAB2-0AA2A6CEAA50', '2', null, '面积图', null, '/ReportManage/Highcharts/Sample3', 'iframe', '1', '0', '0', '0', '0', '4', '0', '1', null, '2018-05-15 17:02:58', null, '2016-07-22 15:45:12', '9f2ec079-7d0f-4fe2-90ab-8b09a8302aba', '2018-05-15 17:02:58', null);
INSERT INTO `sys_module` VALUES ('B3BF41E1-0299-4EFE-BA76-A7377AC81B38', '51174D27-3001-4CCF-AAB2-0AA2A6CEAA50', '2', null, '柱状图', null, '/ReportManage/Highcharts/Sample4', 'iframe', '1', '0', '0', '0', '0', '5', '0', '1', null, '2018-05-15 17:02:58', null, '2016-07-22 15:45:19', '9f2ec079-7d0f-4fe2-90ab-8b09a8302aba', '2018-05-15 17:02:58', null);
INSERT INTO `sys_module` VALUES ('85FAF4F4-9CBE-4904-94B3-2B930CA49F0C', '51174D27-3001-4CCF-AAB2-0AA2A6CEAA50', '2', null, '综合报表1', null, '/ReportManage/Highcharts/Sample14', 'iframe', '1', '0', '0', '0', '0', '21', '0', '1', null, '2018-05-15 17:02:58', null, '2016-07-22 15:46:22', '9f2ec079-7d0f-4fe2-90ab-8b09a8302aba', '2018-05-15 17:02:58', null);
INSERT INTO `sys_module` VALUES ('6BBC3562-1051-4246-98B0-9F37CAC40DC8', '51174D27-3001-4CCF-AAB2-0AA2A6CEAA50', '2', null, '综合报表2', null, '/ReportManage/Highcharts/Sample15', 'iframe', '1', '0', '0', '0', '0', '22', '0', '1', null, '2018-05-15 17:02:58', null, '2016-07-22 15:48:05', '9f2ec079-7d0f-4fe2-90ab-8b09a8302aba', '2018-05-15 17:02:58', null);
INSERT INTO `sys_module` VALUES ('822E2523-5105-4AE0-BF48-62459D3641F6', '9F56840F-DF92-4936-A48C-8F65A39291A2', '2', null, '外部邮件', null, '/ExampleManage/SendMail/Index', 'iframe', '1', '0', '0', '0', '0', '2', '0', '1', null, '2018-05-15 17:02:58', null, '2016-08-01 18:25:45', '9f2ec079-7d0f-4fe2-90ab-8b09a8302aba', '2018-05-15 17:02:58', null);
INSERT INTO `sys_module` VALUES ('7B959522-BE45-4747-B89D-592C7F3987A5', '9F56840F-DF92-4936-A48C-8F65A39291A2', '2', null, '短信工具', null, '/ExampleManage/SendMessages/Index', 'iframe', '1', '0', '0', '0', '0', '3', '0', '1', null, '2018-05-15 17:02:58', null, '2016-08-01 23:08:35', '9f2ec079-7d0f-4fe2-90ab-8b09a8302aba', '2018-05-15 17:02:58', null);
INSERT INTO `sys_module` VALUES ('AF34B824-439E-4365-99CC-C1D30514D869', '9F56840F-DF92-4936-A48C-8F65A39291A2', '2', null, '二维码生成', null, '/ExampleManage/BarCode/Index', 'iframe', '1', '0', '0', '0', '0', '4', '0', '1', null, '2018-05-15 17:02:58', null, '2016-08-01 23:19:23', '9f2ec079-7d0f-4fe2-90ab-8b09a8302aba', '2018-05-15 17:02:58', null);
INSERT INTO `sys_module` VALUES ('D2ECB516-4CB7-49B1-B536-504382115DD2', '9F56840F-DF92-4936-A48C-8F65A39291A2', '2', null, '打印测试', null, '/ExampleManage/Print/Index', 'iframe', '1', '0', '0', '0', '0', '5', '0', '1', null, '2018-05-15 17:02:58', null, '2016-08-03 14:24:30', '9f2ec079-7d0f-4fe2-90ab-8b09a8302aba', '2018-05-15 17:02:58', null);
INSERT INTO `sys_module` VALUES ('39E97B05-7B6F-4069-9972-6F9643BC3042', '9F56840F-DF92-4936-A48C-8F65A39291A2', '2', null, '电子签章', null, '/ExampleManage/Signet/Index', 'iframe', '1', '0', '0', '0', '0', '6', '0', '1', null, '2018-05-15 17:02:58', null, '2016-08-02 22:42:36', '9f2ec079-7d0f-4fe2-90ab-8b09a8302aba', '2018-05-15 17:02:58', null);
INSERT INTO `sys_module` VALUES ('91425AF9-F762-43AF-B784-107D23FFDC85', '51174D27-3001-4CCF-AAB2-0AA2A6CEAA50', null, null, '模拟时钟', null, '/ReportManage/Highcharts/Sample5', 'iframe', '1', '0', '0', '0', '0', '11', null, '0', null, '2018-05-15 17:02:58', null, '2016-07-22 15:45:25', '9f2ec079-7d0f-4fe2-90ab-8b09a8302aba', '2018-05-15 17:02:58', null);
INSERT INTO `sys_module` VALUES ('7858E329-16FC-49F4-93A1-11E2E7EF2998', '51174D27-3001-4CCF-AAB2-0AA2A6CEAA50', null, null, '仪表盘', null, '/ReportManage/Highcharts/Sample6', 'iframe', '1', '0', '0', '0', '0', '12', null, '0', null, '2018-05-15 17:02:58', null, '2016-07-22 15:45:31', '9f2ec079-7d0f-4fe2-90ab-8b09a8302aba', '2018-05-15 17:02:58', null);
INSERT INTO `sys_module` VALUES ('163DA347-887C-4C91-8298-EB00FFBFEC84', '51174D27-3001-4CCF-AAB2-0AA2A6CEAA50', null, null, '雷达图', null, '/ReportManage/Highcharts/Sample8', 'iframe', '1', '0', '0', '0', '0', '13', null, '0', null, '2018-05-15 17:02:58', null, '2016-07-22 15:45:43', '9f2ec079-7d0f-4fe2-90ab-8b09a8302aba', '2018-05-15 17:02:58', null);
INSERT INTO `sys_module` VALUES ('1F14A1ED-B22E-4E4A-BF10-6CF018507E76', '51174D27-3001-4CCF-AAB2-0AA2A6CEAA50', null, null, '蛛网图', null, '/ReportManage/Highcharts/Sample9', 'iframe', '1', '0', '0', '0', '0', '14', null, '0', null, '2018-05-15 17:02:58', null, '2016-07-22 15:45:50', '9f2ec079-7d0f-4fe2-90ab-8b09a8302aba', '2018-05-15 17:02:58', null);
INSERT INTO `sys_module` VALUES ('FE04386D-1307-4E34-8DFB-B56D9FEC78CE', '51174D27-3001-4CCF-AAB2-0AA2A6CEAA50', null, null, '玫瑰图', null, '/ReportManage/Highcharts/Sample10', 'iframe', '1', '0', '0', '0', '0', '15', null, '0', null, '2018-05-15 17:02:58', null, '2016-07-22 15:45:56', '9f2ec079-7d0f-4fe2-90ab-8b09a8302aba', '2018-05-15 17:02:58', null);
INSERT INTO `sys_module` VALUES ('54E9D12D-C039-4F01-A6FE-810A147D31D5', '51174D27-3001-4CCF-AAB2-0AA2A6CEAA50', null, null, '漏斗图', null, '/ReportManage/Highcharts/Sample11', 'iframe', '1', '0', '0', '0', '0', '16', null, '0', null, '2018-05-15 17:02:58', null, '2016-07-22 15:46:03', '9f2ec079-7d0f-4fe2-90ab-8b09a8302aba', '2018-05-15 17:02:58', null);
INSERT INTO `sys_module` VALUES ('ACDBD633-99A0-4BEF-B67C-3A5B41E7C1FD', '51174D27-3001-4CCF-AAB2-0AA2A6CEAA50', null, null, '蜡烛图', null, '/ReportManage/Highcharts/Sample12', 'iframe', '1', '0', '0', '0', '0', '17', null, '0', null, '2018-05-15 17:02:58', null, '2016-07-22 15:46:09', '9f2ec079-7d0f-4fe2-90ab-8b09a8302aba', '2018-05-15 17:02:58', null);
INSERT INTO `sys_module` VALUES ('A33ADBFC-089B-4981-BFAB-08178052EE36', '51174D27-3001-4CCF-AAB2-0AA2A6CEAA50', null, null, '流程图', null, '/ReportManage/Highcharts/Sample13', 'iframe', '1', '0', '0', '0', '0', '18', null, '0', null, '2018-05-15 17:02:58', null, '2016-07-22 15:46:15', '9f2ec079-7d0f-4fe2-90ab-8b09a8302aba', '2018-05-15 17:02:58', null);
INSERT INTO `sys_module` VALUES ('bc8c1ca9-9585-46b5-9f39-3c38f0e7ba41', '0', null, null, '工作流管理', 'fa fa-sitemap', null, 'expand', '0', '0', '0', '0', '0', '3', null, '1', null, '2018-03-19 22:06:15', '9f2ec079-7d0f-4fe2-90ab-8b09a8302aba', '2018-05-15 17:02:58', null, '2018-05-15 17:02:58', null);
INSERT INTO `sys_module` VALUES ('c1c8158e-bdf0-434c-825a-ae1bc73ccbc5', 'bc8c1ca9-9585-46b5-9f39-3c38f0e7ba41', null, null, '流程管理', null, '/WFManage/Flow/Index', 'iframe', '0', '0', '0', '0', '0', '40', null, '1', null, '2018-03-19 23:05:41', '9f2ec079-7d0f-4fe2-90ab-8b09a8302aba', '2018-03-26 22:14:05', '9f2ec079-7d0f-4fe2-90ab-8b09a8302aba', '2018-05-15 17:02:58', null);
INSERT INTO `sys_module` VALUES ('ccde059f-0908-48a6-8270-141433fa007a', 'bc8c1ca9-9585-46b5-9f39-3c38f0e7ba41', null, null, '自定义表单', null, '/WFManage/CustomForm/Index', 'iframe', '0', '0', '0', '0', '0', '50', null, '1', null, '2018-03-22 10:06:02', '9f2ec079-7d0f-4fe2-90ab-8b09a8302aba', '2018-03-26 22:13:59', '9f2ec079-7d0f-4fe2-90ab-8b09a8302aba', '2018-05-15 17:02:58', null);
INSERT INTO `sys_module` VALUES ('2c9d1684-46db-4572-9882-f37569d1cff0', 'bc8c1ca9-9585-46b5-9f39-3c38f0e7ba41', null, null, '字典管理', null, '/WFManage/FlowDictionaryDetail/Index', 'iframe', '0', '0', '0', '0', '0', '60', null, '1', null, '2018-03-23 13:16:02', '9f2ec079-7d0f-4fe2-90ab-8b09a8302aba', '2018-03-26 22:13:52', '9f2ec079-7d0f-4fe2-90ab-8b09a8302aba', '2018-05-15 17:02:58', null);
INSERT INTO `sys_module` VALUES ('bfb9c6a3-ca1b-4e1f-9bd9-28c43f7fd5b2', 'bc8c1ca9-9585-46b5-9f39-3c38f0e7ba41', null, null, '工作申请', null, '/WFManage/Work/Index', 'iframe', '0', '0', '0', '0', '0', '30', null, '1', null, '2018-03-26 22:15:14', '9f2ec079-7d0f-4fe2-90ab-8b09a8302aba', '2018-05-15 17:02:58', null, '2018-05-15 17:02:58', null);
INSERT INTO `sys_module` VALUES ('35818fe3-8a75-4413-b832-0dbfdad985f9', 'bc8c1ca9-9585-46b5-9f39-3c38f0e7ba41', null, null, '我的申请', null, '/WFManage/Work/MyFlow', 'iframe', '0', '0', '0', '0', '0', '20', null, '1', null, '2018-03-28 14:53:56', '9f2ec079-7d0f-4fe2-90ab-8b09a8302aba', '2018-05-15 17:02:58', null, '2018-05-15 17:02:58', null);
INSERT INTO `sys_module` VALUES ('0bdfa7a5-ec75-418c-b69a-fbcf1e00da12', 'bc8c1ca9-9585-46b5-9f39-3c38f0e7ba41', null, null, '我的待办', null, '/WFManage/Work/MyPending', 'iframe', '0', '0', '0', '0', '0', '25', null, '1', null, '2018-03-29 20:47:20', '9f2ec079-7d0f-4fe2-90ab-8b09a8302aba', '2018-03-29 20:47:46', '9f2ec079-7d0f-4fe2-90ab-8b09a8302aba', '2018-05-15 17:02:58', null);
INSERT INTO `sys_module` VALUES ('fc23df0e-cde8-416b-ab02-35d7f3e07138', '0', null, null, '证书管理', 'fa fa-tags', null, 'expand', '0', '0', '0', '0', '0', '20', null, '1', null, '2018-05-14 22:06:13', '9f2ec079-7d0f-4fe2-90ab-8b09a8302aba', '2018-05-14 22:08:17', '9f2ec079-7d0f-4fe2-90ab-8b09a8302aba', '2018-05-15 17:02:58', null);
INSERT INTO `sys_module` VALUES ('6a96f8d9-a4e8-4c7c-8ff1-dfc223ea9bab', 'fc23df0e-cde8-416b-ab02-35d7f3e07138', null, null, '生涯规划师', null, '/CertificateManage/Certificate/Index?projectType=1', 'iframe', '0', '0', '0', '0', '0', '10', null, '1', null, '2018-05-16 12:36:52', '9f2ec079-7d0f-4fe2-90ab-8b09a8302aba', '2018-05-16 12:36:52', '9f2ec079-7d0f-4fe2-90ab-8b09a8302aba', '2018-05-15 17:02:58', null);
INSERT INTO `sys_module` VALUES ('eafcadb8-46b3-4b96-a1d3-daf70ae1ea6c', 'fc23df0e-cde8-416b-ab02-35d7f3e07138', null, null, '高考志愿规划师', null, '/CertificateManage/Certificate/Index?projectType=2', 'iframe', '0', '0', '0', '0', '0', '20', null, '1', null, '2018-05-16 12:37:25', '9f2ec079-7d0f-4fe2-90ab-8b09a8302aba', '2018-05-16 12:37:24', null, '2018-05-16 12:37:24', null);
INSERT INTO `sys_module` VALUES ('337616f9-76b1-4722-b7e9-d3d15ce14aa4', 'fc23df0e-cde8-416b-ab02-35d7f3e07138', null, null, '生涯发展与综合素质能力培训', null, '/CertificateManage/Certificate/Index?projectType=3', 'iframe', '0', '0', '0', '0', '0', '30', null, '1', null, '2018-05-16 12:37:49', '9f2ec079-7d0f-4fe2-90ab-8b09a8302aba', '2018-05-16 12:37:48', null, '2018-05-16 12:37:48', null);

-- ----------------------------
-- Table structure for `sys_modulebutton`
-- ----------------------------
DROP TABLE IF EXISTS `sys_modulebutton`;
CREATE TABLE `sys_modulebutton` (
  `Id` varchar(50) NOT NULL,
  `ModuleId` varchar(50) DEFAULT NULL,
  `ParentId` varchar(50) DEFAULT NULL,
  `Layers` int(11) DEFAULT NULL,
  `EnCode` varchar(50) DEFAULT NULL,
  `FullName` varchar(50) DEFAULT NULL,
  `Icon` varchar(50) DEFAULT NULL,
  `Location` int(11) DEFAULT NULL,
  `JsEvent` varchar(50) DEFAULT NULL,
  `UrlAddress` varchar(255) DEFAULT NULL,
  `Split` tinyint(4) DEFAULT NULL,
  `IsPublic` tinyint(4) DEFAULT NULL,
  `AllowEdit` tinyint(4) DEFAULT NULL,
  `AllowDelete` tinyint(4) DEFAULT NULL,
  `SortCode` int(11) DEFAULT NULL,
  `DeleteMark` tinyint(4) DEFAULT NULL,
  `EnabledMark` tinyint(4) DEFAULT NULL,
  `Description` varchar(255) DEFAULT NULL,
  `CreatorTime` timestamp NOT NULL DEFAULT CURRENT_TIMESTAMP ON UPDATE CURRENT_TIMESTAMP,
  `CreatorUserId` varchar(50) DEFAULT NULL,
  `LastModifyTime` timestamp NOT NULL DEFAULT '0000-00-00 00:00:00',
  `LastModifyUserId` varchar(50) DEFAULT NULL,
  `DeleteTime` timestamp NOT NULL DEFAULT '0000-00-00 00:00:00',
  `DeleteUserId` varchar(50) DEFAULT NULL,
  PRIMARY KEY (`Id`)
) ENGINE=MyISAM DEFAULT CHARSET=utf8;

-- ----------------------------
-- Records of sys_modulebutton
-- ----------------------------
INSERT INTO `sys_modulebutton` VALUES ('9FD543DB-C5BB-4789-ACFF-C5865AFB032C', '64A1C550-2C61-4A8C-833D-ACD0C012260F', '0', '1', 'NF-add', '新增菜单', null, '1', 'btn_add()', '/SystemManage/Module/Form', '0', '0', '0', '0', '1', '0', '1', null, '2018-05-15 17:02:58', null, '2016-07-25 15:41:08', '9f2ec079-7d0f-4fe2-90ab-8b09a8302aba', '2018-05-15 17:02:58', null);
INSERT INTO `sys_modulebutton` VALUES ('E29FCBA7-F848-4A8B-BC41-A3C668A9005D', '64A1C550-2C61-4A8C-833D-ACD0C012260F', '0', '1', 'NF-edit', '修改菜单', null, '2', 'btn_edit()', '/SystemManage/Module/Form', '0', '0', '0', '0', '2', '0', '1', null, '2018-05-15 17:02:58', null, '2016-07-25 15:41:02', '9f2ec079-7d0f-4fe2-90ab-8b09a8302aba', '2018-05-15 17:02:58', null);
INSERT INTO `sys_modulebutton` VALUES ('85F5212F-E321-4124-B155-9374AA5D9C10', '64A1C550-2C61-4A8C-833D-ACD0C012260F', '0', '1', 'NF-delete', '删除菜单', null, '2', 'btn_delete()', '/SystemManage/Module/DeleteForm', '0', '0', '0', '0', '3', '0', '1', null, '2018-05-15 17:02:58', null, '2016-07-25 15:41:15', '9f2ec079-7d0f-4fe2-90ab-8b09a8302aba', '2018-05-15 17:02:58', null);
INSERT INTO `sys_modulebutton` VALUES ('D4FCAFED-7640-449E-80B7-622DDACD5012', '64A1C550-2C61-4A8C-833D-ACD0C012260F', '0', '1', 'NF-Details', '查看菜单', null, '2', 'btn_details()', '/SystemManage/Module/Details', '1', '0', '0', '0', '4', '0', '1', null, '2018-05-15 17:02:58', null, '2016-07-25 15:41:27', '9f2ec079-7d0f-4fe2-90ab-8b09a8302aba', '2018-05-15 17:02:58', null);
INSERT INTO `sys_modulebutton` VALUES ('FD3D073C-4F88-467A-AE3B-CDD060952CE6', '64A1C550-2C61-4A8C-833D-ACD0C012260F', '0', '1', 'NF-modulebutton', '按钮管理', null, '2', 'btn_modulebutton()', '/SystemManage/ModuleButton/Index', '0', '0', null, null, '5', '0', '1', null, '2018-05-15 17:02:58', null, '2018-05-15 17:02:58', null, '2018-05-15 17:02:58', null);
INSERT INTO `sys_modulebutton` VALUES ('4bb19533-8e81-419b-86a1-7ee56bf1dd45', '252229DB-35CA-47AE-BDAE-C9903ED5BA7B', '0', '1', 'NF-delete', '删除机构', null, '2', 'btn_delete()', '/SystemManage/Organize/DeleteForm', '0', '0', '0', '0', '3', '0', '1', null, '2018-05-15 17:02:58', null, '2018-05-15 17:02:58', null, '2018-05-15 17:02:58', null);
INSERT INTO `sys_modulebutton` VALUES ('709a4a7b-4d98-462d-b47c-351ef11db06f', '252229DB-35CA-47AE-BDAE-C9903ED5BA7B', '0', '1', 'NF-Details', '查看机构', null, '2', 'btn_details()', '/SystemManage/Organize/Details', '0', '0', '0', '0', '4', '0', '1', null, '2018-05-15 17:02:58', null, '2018-05-15 17:02:58', null, '2018-05-15 17:02:58', null);
INSERT INTO `sys_modulebutton` VALUES ('91be873e-ccb7-434f-9a3b-d312d6d5798a', '252229DB-35CA-47AE-BDAE-C9903ED5BA7B', '0', '1', 'NF-edit', '修改机构', null, '2', 'btn_edit()', '/SystemManage/Organize/Form', '0', '0', '0', '0', '2', '0', '1', null, '2018-05-15 17:02:58', null, '2018-05-15 17:02:58', null, '2018-05-15 17:02:58', null);
INSERT INTO `sys_modulebutton` VALUES ('cd65e50a-0bea-45a9-b82e-f2eacdbd209e', '252229DB-35CA-47AE-BDAE-C9903ED5BA7B', '0', '1', 'NF-add', '新建机构', null, '1', 'btn_add()', '/SystemManage/Organize/Form', '0', '0', '0', '0', '1', '0', '1', null, '2018-05-15 17:02:58', null, '2018-05-15 17:02:58', null, '2018-05-15 17:02:58', null);
INSERT INTO `sys_modulebutton` VALUES ('239077ff-13e1-4720-84e1-67b6f0276979', '91A6CFAD-B2F9-4294-BDAE-76DECF412C6C', '0', '1', 'NF-delete', '删除角色', null, '2', 'btn_delete()', '/SystemManage/Role/DeleteForm', '0', '0', '0', '0', '3', '0', '1', null, '2018-05-15 17:02:58', null, '2018-05-15 17:02:58', null, '2018-05-15 17:02:58', null);
INSERT INTO `sys_modulebutton` VALUES ('5d708d9d-6ebe-40ea-8589-e3efce9e74ec', '91A6CFAD-B2F9-4294-BDAE-76DECF412C6C', '0', '1', 'NF-add', '新建角色', null, '1', 'btn_add()', '/SystemManage/Role/Form', '0', '0', '0', '0', '1', '0', '1', null, '2018-05-15 17:02:58', null, '2018-05-15 17:02:58', null, '2018-05-15 17:02:58', null);
INSERT INTO `sys_modulebutton` VALUES ('f93763ff-51a1-478d-9585-3c86084c54f3', '91A6CFAD-B2F9-4294-BDAE-76DECF412C6C', '0', '1', 'NF-Details', '查看角色', null, '2', 'btn_details()', '/SystemManage/Role/Details', '0', '0', '0', '0', '4', '0', '1', null, '2018-05-15 17:02:58', null, '2018-05-15 17:02:58', null, '2018-05-15 17:02:58', null);
INSERT INTO `sys_modulebutton` VALUES ('ffffe7f8-900c-413a-9970-bee7d6599cce', '91A6CFAD-B2F9-4294-BDAE-76DECF412C6C', '0', '1', 'NF-edit', '修改角色', null, '2', 'btn_edit()', '/SystemManage/Role/Form', '0', '0', '0', '0', '2', '0', '1', null, '2018-05-15 17:02:58', null, '2018-05-15 17:02:58', null, '2018-05-15 17:02:58', null);
INSERT INTO `sys_modulebutton` VALUES ('13c9a15f-c50d-4f09-8344-fd0050f70086', 'F298F868-B689-4982-8C8B-9268CBF0308D', '0', '1', 'NF-add', '新建岗位', null, '1', 'btn_add()', '/SystemManage/Duty/Form', '0', '0', '0', '0', '1', '0', '1', null, '2018-05-15 17:02:58', null, '2018-05-15 17:02:58', null, '2018-05-15 17:02:58', null);
INSERT INTO `sys_modulebutton` VALUES ('88f7b3a8-fd6d-4f8e-a861-11405f434868', 'F298F868-B689-4982-8C8B-9268CBF0308D', '0', '1', 'NF-Details', '查看岗位', null, '2', 'btn_details()', '/SystemManage/Duty/Details', '0', '0', '0', '0', '4', '0', '1', null, '2018-05-15 17:02:58', null, '2018-05-15 17:02:58', null, '2018-05-15 17:02:58', null);
INSERT INTO `sys_modulebutton` VALUES ('8a9993af-69b2-4d8a-85b3-337745a1f428', 'F298F868-B689-4982-8C8B-9268CBF0308D', '0', '1', 'NF-delete', '删除岗位', null, '2', 'btn_delete()', '/SystemManage/Duty/DeleteForm', '0', '0', '0', '0', '3', '0', '1', null, '2018-05-15 17:02:58', null, '2018-05-15 17:02:58', null, '2018-05-15 17:02:58', null);
INSERT INTO `sys_modulebutton` VALUES ('e75e4efc-d461-4334-a764-56992fec38e6', 'F298F868-B689-4982-8C8B-9268CBF0308D', '0', '1', 'NF-edit', '修改岗位', null, '2', 'btn_edit()', '/SystemManage/Duty/Form', '0', '0', '0', '0', '2', '0', '1', null, '2018-05-15 17:02:58', null, '2018-05-15 17:02:58', null, '2018-05-15 17:02:58', null);
INSERT INTO `sys_modulebutton` VALUES ('14617a4f-bfef-4bc2-b943-d18d3ff8d22f', '38CA5A66-C993-4410-AF95-50489B22939C', '0', '1', 'NF-delete', '删除用户', null, '2', 'btn_delete()', '/SystemManage/User/DeleteForm', '0', '0', '0', '0', '3', '0', '1', null, '2018-05-15 17:02:58', null, '2016-07-25 14:16:13', '9f2ec079-7d0f-4fe2-90ab-8b09a8302aba', '2018-05-15 17:02:58', null);
INSERT INTO `sys_modulebutton` VALUES ('4727adf7-5525-4c8c-9de5-39e49c268349', '38CA5A66-C993-4410-AF95-50489B22939C', '0', '1', 'NF-edit', '修改用户', null, '2', 'btn_edit()', '/SystemManage/User/Form', '0', '0', '0', '0', '2', '0', '1', null, '2018-05-15 17:02:58', null, '2016-07-25 14:16:01', '9f2ec079-7d0f-4fe2-90ab-8b09a8302aba', '2018-05-15 17:02:58', null);
INSERT INTO `sys_modulebutton` VALUES ('74eecdfb-3bee-405d-be07-27a78219c179', '38CA5A66-C993-4410-AF95-50489B22939C', '0', '1', 'NF-add', '新建用户', null, '1', 'btn_add()', '/SystemManage/User/Form', '0', '0', '0', '0', '1', '0', '1', null, '2018-05-15 17:02:58', null, '2016-07-25 14:15:42', '9f2ec079-7d0f-4fe2-90ab-8b09a8302aba', '2018-05-15 17:02:58', null);
INSERT INTO `sys_modulebutton` VALUES ('abfdff21-8ebf-4024-8555-401b4df6acd9', '38CA5A66-C993-4410-AF95-50489B22939C', '0', '1', 'NF-Details', '查看用户', null, '2', 'btn_details()', '/SystemManage/User/Details', '1', '0', '0', '0', '4', '0', '1', null, '2018-05-15 17:02:58', null, '2016-07-25 15:29:10', '9f2ec079-7d0f-4fe2-90ab-8b09a8302aba', '2018-05-15 17:02:58', null);
INSERT INTO `sys_modulebutton` VALUES ('38e39592-6e86-42fb-8f72-adea0c82cbc1', '38CA5A66-C993-4410-AF95-50489B22939C', '0', null, 'NF-revisepassword', '密码重置', null, '2', 'btn_revisepassword()', '/SystemManage/User/RevisePassword', '1', '0', '0', '0', '5', null, '1', null, '2016-07-25 14:18:19', '9f2ec079-7d0f-4fe2-90ab-8b09a8302aba', '2018-05-15 17:02:58', null, '2018-05-15 17:02:58', null);
INSERT INTO `sys_modulebutton` VALUES ('15362a59-b242-494a-bc6e-413b4a63580e', '38CA5A66-C993-4410-AF95-50489B22939C', '0', null, 'NF-disabled', '禁用', null, '2', 'btn_disabled()', '/SystemManage/User/DisabledAccount', '0', '0', '0', '0', '6', null, '1', null, '2016-07-25 15:25:54', '9f2ec079-7d0f-4fe2-90ab-8b09a8302aba', '2016-07-25 15:28:33', '9f2ec079-7d0f-4fe2-90ab-8b09a8302aba', '2018-05-15 17:02:58', null);
INSERT INTO `sys_modulebutton` VALUES ('2a8f5342-5eb7-491c-a1a9-a2631d8eb5d6', '38CA5A66-C993-4410-AF95-50489B22939C', '0', null, 'NF-enabled', '启用', null, '2', 'btn_enabled()', '/SystemManage/User/EnabledAccount', '0', '0', '0', '0', '7', null, '1', null, '2016-07-25 15:28:08', '9f2ec079-7d0f-4fe2-90ab-8b09a8302aba', '2018-05-15 17:02:58', null, '2018-05-15 17:02:58', null);
INSERT INTO `sys_modulebutton` VALUES ('48afe7b3-e158-4256-b50c-cd0ee7c6dcc9', '337A4661-99A5-4E5E-B028-861CACAF9917', '0', '1', 'NF-add', '新建区域', null, '1', 'btn_add()', '/SystemManage/Area/Form', '0', '0', '0', '0', '1', '0', '1', null, '2018-05-15 17:02:58', null, '2016-07-25 15:32:26', '9f2ec079-7d0f-4fe2-90ab-8b09a8302aba', '2018-05-15 17:02:58', null);
INSERT INTO `sys_modulebutton` VALUES ('89d7a69d-b953-4ce2-9294-db4f50f2a157', '337A4661-99A5-4E5E-B028-861CACAF9917', '0', '1', 'NF-edit', '修改区域', null, '2', 'btn_edit()', '/SystemManage/Area/Form', '0', '0', '0', '0', '2', '0', '1', null, '2018-05-15 17:02:58', null, '2016-07-25 15:32:42', '9f2ec079-7d0f-4fe2-90ab-8b09a8302aba', '2018-05-15 17:02:58', null);
INSERT INTO `sys_modulebutton` VALUES ('8c7013a9-3682-4367-8bc6-c77ca89f346b', '337A4661-99A5-4E5E-B028-861CACAF9917', '0', '1', 'NF-delete', '删除区域', null, '2', 'btn_delete()', '/SystemManage/Area/DeleteForm', '0', '0', '0', '0', '3', '0', '1', null, '2018-05-15 17:02:58', null, '2016-07-25 15:32:53', '9f2ec079-7d0f-4fe2-90ab-8b09a8302aba', '2018-05-15 17:02:58', null);
INSERT INTO `sys_modulebutton` VALUES ('0d777b07-041a-4205-a393-d1a009aaafc7', '423A200B-FA5F-4B29-B7B7-A3F5474B725F', '0', '1', 'NF-edit', '修改字典', null, '2', 'btn_edit()', '/SystemManage/ItemsData/Form', '0', '0', '0', '0', '3', '0', '1', null, '2018-05-15 17:02:58', null, '2016-07-25 15:37:42', '9f2ec079-7d0f-4fe2-90ab-8b09a8302aba', '2018-05-15 17:02:58', null);
INSERT INTO `sys_modulebutton` VALUES ('104bcc01-0cfd-433f-87f4-29a8a3efb313', '423A200B-FA5F-4B29-B7B7-A3F5474B725F', '0', '1', 'NF-add', '新建字典', null, '1', 'btn_add()', '/SystemManage/ItemsData/Form', '0', '0', '0', '0', '1', '0', '1', null, '2018-05-15 17:02:58', null, '2016-07-25 15:37:35', '9f2ec079-7d0f-4fe2-90ab-8b09a8302aba', '2018-05-15 17:02:58', null);
INSERT INTO `sys_modulebutton` VALUES ('1ee1c46b-e767-4532-8636-936ea4c12003', '423A200B-FA5F-4B29-B7B7-A3F5474B725F', '0', '1', 'NF-delete', '删除字典', null, '2', 'btn_delete()', '/SystemManage/ItemsData/DeleteForm', '0', '0', '0', '0', '4', '0', '1', null, '2018-05-15 17:02:58', null, '2016-07-25 15:37:53', '9f2ec079-7d0f-4fe2-90ab-8b09a8302aba', '2018-05-15 17:02:58', null);
INSERT INTO `sys_modulebutton` VALUES ('82f162cb-beb9-4a79-8924-cd1860e26e2e', '423A200B-FA5F-4B29-B7B7-A3F5474B725F', '0', '1', 'NF-Details', '查看字典', null, '2', 'btn_details()', '/SystemManage/ItemsData/Details', '0', '0', '0', '0', '5', '0', '1', null, '2018-05-15 17:02:58', null, '2016-07-25 15:37:59', '9f2ec079-7d0f-4fe2-90ab-8b09a8302aba', '2018-05-15 17:02:58', null);
INSERT INTO `sys_modulebutton` VALUES ('4b876abc-1b85-47b0-abc7-96e313b18ed8', '423A200B-FA5F-4B29-B7B7-A3F5474B725F', '0', null, 'NF-itemstype', '分类管理', null, '1', 'btn_itemstype()', '/SystemManage/ItemsType/Index', '0', '0', '0', '0', '2', null, '1', null, '2016-07-25 15:36:21', '9f2ec079-7d0f-4fe2-90ab-8b09a8302aba', '2018-05-15 17:02:58', null, '2018-05-15 17:02:58', null);
INSERT INTO `sys_modulebutton` VALUES ('0f0596f6-aa50-4df0-ad8e-af867cb4a9de', 'e72c75d0-3a69-41ad-b220-13c9a62ec788', '0', '1', 'NF-delete', '删除备份', null, '2', 'btn_delete()', '/SystemSecurity/DbBackup/DeleteForm', '0', '0', '0', '0', '2', '0', '1', null, '2018-05-15 17:02:58', null, '2016-07-25 15:47:47', '9f2ec079-7d0f-4fe2-90ab-8b09a8302aba', '2018-05-15 17:02:58', null);
INSERT INTO `sys_modulebutton` VALUES ('41862743-f703-4b6d-be54-08d253eb0ebc', 'e72c75d0-3a69-41ad-b220-13c9a62ec788', '0', '1', 'NF-add', '新建备份', null, '1', 'btn_add()', '/SystemSecurity/DbBackup/Form', '0', '0', '0', '0', '1', '0', '1', null, '2018-05-15 17:02:58', null, '2016-07-25 15:43:15', '9f2ec079-7d0f-4fe2-90ab-8b09a8302aba', '2018-05-15 17:02:58', null);
INSERT INTO `sys_modulebutton` VALUES ('aed66cfb-d78e-43d4-9987-c714546be7eb', 'e72c75d0-3a69-41ad-b220-13c9a62ec788', '0', '1', 'NF-download', '下载备份', null, '2', 'btn_download()', '/SystemSecurity/DbBackup/DownloadBackup', '0', '0', '0', '0', '3', '0', '1', null, '2018-05-15 17:02:58', null, '2016-07-25 15:48:17', '9f2ec079-7d0f-4fe2-90ab-8b09a8302aba', '2018-05-15 17:02:58', null);
INSERT INTO `sys_modulebutton` VALUES ('329c0326-ce68-4a24-904d-aade67a90fc7', 'a3a4742d-ca39-42ec-b95a-8552a6fae579', '0', '1', 'NF-Details', '查看策略', null, '2', 'btn_details()', '/SystemSecurity/FilterIP/Details', '0', '0', '0', '0', '4', '0', '1', null, '2018-05-15 17:02:58', null, '2016-07-25 15:58:04', '9f2ec079-7d0f-4fe2-90ab-8b09a8302aba', '2018-05-15 17:02:58', null);
INSERT INTO `sys_modulebutton` VALUES ('8379135e-5b13-4236-bfb1-9289e6129034', 'a3a4742d-ca39-42ec-b95a-8552a6fae579', '0', '1', 'NF-delete', '删除策略', null, '2', 'btn_delete()', '/SystemSecurity/FilterIP/DeleteForm', '0', '0', '0', '0', '3', '0', '1', null, '2018-05-15 17:02:58', null, '2016-07-25 15:57:57', '9f2ec079-7d0f-4fe2-90ab-8b09a8302aba', '2018-05-15 17:02:58', null);
INSERT INTO `sys_modulebutton` VALUES ('aaf58c1b-4af2-4e5f-a3e4-c48e86378191', 'a3a4742d-ca39-42ec-b95a-8552a6fae579', '0', '1', 'NF-edit', '修改策略', null, '2', 'btn_edit()', '/SystemSecurity/FilterIP/Form', '0', '0', '0', '0', '2', '0', '1', null, '2018-05-15 17:02:58', null, '2016-07-25 15:57:49', '9f2ec079-7d0f-4fe2-90ab-8b09a8302aba', '2018-05-15 17:02:58', null);
INSERT INTO `sys_modulebutton` VALUES ('d4074121-0d4f-465e-ad37-409bbe15bf8a', 'a3a4742d-ca39-42ec-b95a-8552a6fae579', '0', '1', 'NF-add', '新建策略', null, '1', 'btn_add()', '/SystemSecurity/FilterIP/Form', '0', '0', '0', '0', '1', '0', '1', null, '2018-05-15 17:02:58', null, '2016-07-25 15:57:40', '9f2ec079-7d0f-4fe2-90ab-8b09a8302aba', '2018-05-15 17:02:58', null);
INSERT INTO `sys_modulebutton` VALUES ('3a35c662-a356-45e4-953d-00ebd981cad6', '96EE855E-8CD2-47FC-A51D-127C131C9FB9', '0', '1', 'NF-removelog', '清空日志', null, '1', 'btn_removeLog()', '/SystemSecurity/Log/RemoveLog', '0', '0', '0', '0', '1', '0', '1', null, '2018-05-15 17:02:58', null, '2016-07-25 16:03:12', '9f2ec079-7d0f-4fe2-90ab-8b09a8302aba', '2018-05-15 17:02:58', null);
INSERT INTO `sys_modulebutton` VALUES ('1f857c9d-5d2c-45ad-97da-50e76c47369f', 'c1c8158e-bdf0-434c-825a-ae1bc73ccbc5', '0', '1', 'NF-delete', '删除流程', null, '2', 'btn_delete()', '/WFManage/Flow/DeleteForm', '0', '0', '0', '0', '3', '0', '1', null, '2018-05-15 17:02:58', null, '2018-03-19 23:16:06', '9f2ec079-7d0f-4fe2-90ab-8b09a8302aba', '2018-05-15 17:02:58', null);
INSERT INTO `sys_modulebutton` VALUES ('33812b2f-6a5c-4c19-bc56-c4171969333e', 'c1c8158e-bdf0-434c-825a-ae1bc73ccbc5', '0', '1', 'NF-edit', '修改流程', null, '2', 'btn_edit()', '/WFManage/Flow/Form', '0', '0', '0', '0', '2', '0', '1', null, '2018-05-15 17:02:58', null, '2018-03-19 23:16:01', '9f2ec079-7d0f-4fe2-90ab-8b09a8302aba', '2018-05-15 17:02:58', null);
INSERT INTO `sys_modulebutton` VALUES ('aa2f27a3-13d0-409e-8bdf-4977645ea380', 'c1c8158e-bdf0-434c-825a-ae1bc73ccbc5', '0', '1', 'NF-Details', '查看流程', null, '2', 'btn_details()', '/WFManage/Flow/Details', '0', '0', '0', '0', '4', '0', '1', null, '2018-05-15 17:02:58', null, '2018-03-19 23:16:12', '9f2ec079-7d0f-4fe2-90ab-8b09a8302aba', '2018-05-15 17:02:58', null);
INSERT INTO `sys_modulebutton` VALUES ('dc8f9bf4-43da-460c-9541-d3631bbb6675', 'c1c8158e-bdf0-434c-825a-ae1bc73ccbc5', '0', '1', 'NF-add', '新建流程', null, '1', 'btn_add()', '/WFManage/Flow/Form', '0', '0', '0', '0', '1', '0', '1', null, '2018-05-15 17:02:58', null, '2018-03-19 23:15:57', '9f2ec079-7d0f-4fe2-90ab-8b09a8302aba', '2018-05-15 17:02:58', null);
INSERT INTO `sys_modulebutton` VALUES ('6b9977e2-bd6e-426e-968c-36a7b1f47e55', 'c1c8158e-bdf0-434c-825a-ae1bc73ccbc5', '0', '1', 'NF-Design', '流程设计', null, '2', 'btn_design()', '/WFManage/Flow/Design', '0', '0', '0', '0', '4', '0', '1', null, '2018-05-15 17:02:58', null, '2018-03-19 23:16:52', '9f2ec079-7d0f-4fe2-90ab-8b09a8302aba', '2018-05-15 17:02:58', null);
INSERT INTO `sys_modulebutton` VALUES ('0c548df3-c573-4f6f-b073-1d8c79ddc6d1', 'c1c8158e-bdf0-434c-825a-ae1bc73ccbc5', '0', null, 'NF-disabled', '禁用', null, '2', 'btn_disabled()', '/WFManage/Flow/DisabledForm', '0', '0', '0', '0', '6', null, '1', null, '2016-07-25 15:25:54', '9f2ec079-7d0f-4fe2-90ab-8b09a8302aba', '2018-03-19 23:31:51', '9f2ec079-7d0f-4fe2-90ab-8b09a8302aba', '2018-05-15 17:02:58', null);
INSERT INTO `sys_modulebutton` VALUES ('8c96c519-c4b8-4e6d-a197-40260afc8bb1', 'c1c8158e-bdf0-434c-825a-ae1bc73ccbc5', '0', null, 'NF-enabled', '启用', null, '2', 'btn_enabled()', '/WFManage/Flow/EnabledForm', '0', '0', '0', '0', '7', null, '1', null, '2016-07-25 15:28:08', '9f2ec079-7d0f-4fe2-90ab-8b09a8302aba', '2018-03-19 23:32:33', '9f2ec079-7d0f-4fe2-90ab-8b09a8302aba', '2018-05-15 17:02:58', null);
INSERT INTO `sys_modulebutton` VALUES ('0f1a1049-51dc-4896-bb10-585e9beebd10', 'ccde059f-0908-48a6-8270-141433fa007a', '0', '1', 'NF-add', '新建表单', null, '1', 'btn_add()', '/WFManage/CustomForm/Form', '0', '0', '0', '0', '1', '0', '1', null, '2018-05-15 17:02:58', null, '2018-03-22 11:44:27', '9f2ec079-7d0f-4fe2-90ab-8b09a8302aba', '2018-05-15 17:02:58', null);
INSERT INTO `sys_modulebutton` VALUES ('1ceac6db-f99c-4f31-a50a-63cd91a527cf', 'ccde059f-0908-48a6-8270-141433fa007a', '0', '1', 'NF-Details', '查看表单', null, '2', 'btn_details()', '/WFManage/CustomForm/Details', '0', '0', '0', '0', '4', '0', '1', null, '2018-05-15 17:02:58', null, '2018-03-22 11:44:52', '9f2ec079-7d0f-4fe2-90ab-8b09a8302aba', '2018-05-15 17:02:58', null);
INSERT INTO `sys_modulebutton` VALUES ('53421218-b186-46cf-828a-910e10e08ddc', 'ccde059f-0908-48a6-8270-141433fa007a', '0', '1', 'NF-Design', '流程表单', null, '2', 'btn_design()', '/WFManage/CustomForm/Design', '0', '0', '0', '0', '4', '0', '1', null, '2018-05-15 17:02:58', null, '2018-03-22 11:45:00', '9f2ec079-7d0f-4fe2-90ab-8b09a8302aba', '2018-05-15 17:02:58', null);
INSERT INTO `sys_modulebutton` VALUES ('a8a4c9ac-e9ae-44d0-8a0b-56de71a67d59', 'ccde059f-0908-48a6-8270-141433fa007a', '0', '1', 'NF-delete', '删除表单', null, '2', 'btn_delete()', '/WFManage/CustomForm/DeleteForm', '0', '0', '0', '0', '3', '0', '1', null, '2018-05-15 17:02:58', null, '2018-03-22 11:44:44', '9f2ec079-7d0f-4fe2-90ab-8b09a8302aba', '2018-05-15 17:02:58', null);
INSERT INTO `sys_modulebutton` VALUES ('bca253a4-db31-4d6f-a27e-494c64c4dc28', 'ccde059f-0908-48a6-8270-141433fa007a', '0', null, 'NF-enabled', '启用', null, '2', 'btn_enabled()', '/WFManage/CustomForm/EnabledForm', '0', '0', '0', '0', '7', null, '1', null, '2016-07-25 15:28:08', '9f2ec079-7d0f-4fe2-90ab-8b09a8302aba', '2018-03-22 11:45:10', '9f2ec079-7d0f-4fe2-90ab-8b09a8302aba', '2018-05-15 17:02:58', null);
INSERT INTO `sys_modulebutton` VALUES ('e74187af-a22a-4477-be1a-11ab8c0bc76f', 'ccde059f-0908-48a6-8270-141433fa007a', '0', null, 'NF-disabled', '禁用', null, '2', 'btn_disabled()', '/WFManage/CustomForm/DisabledForm', '0', '0', '0', '0', '6', null, '1', null, '2016-07-25 15:25:54', '9f2ec079-7d0f-4fe2-90ab-8b09a8302aba', '2018-03-22 11:45:06', '9f2ec079-7d0f-4fe2-90ab-8b09a8302aba', '2018-05-15 17:02:58', null);
INSERT INTO `sys_modulebutton` VALUES ('e82a8bb7-d913-4492-bfb1-ab1d3db9844f', 'ccde059f-0908-48a6-8270-141433fa007a', '0', '1', 'NF-edit', '修改表单', null, '2', 'btn_edit()', '/WFManage/CustomForm/Form', '0', '0', '0', '0', '2', '0', '1', null, '2018-05-15 17:02:58', null, '2018-03-22 11:44:36', '9f2ec079-7d0f-4fe2-90ab-8b09a8302aba', '2018-05-15 17:02:58', null);
INSERT INTO `sys_modulebutton` VALUES ('04963e4d-f693-4eda-a1f6-b68ced0323de', '2c9d1684-46db-4572-9882-f37569d1cff0', '0', null, 'NF-itemstype', '分类管理', null, '1', 'btn_itemstype()', '/WFManage/FlowDictionary/Index', '0', '0', '0', '0', '2', null, '1', null, '2016-07-25 15:36:21', '9f2ec079-7d0f-4fe2-90ab-8b09a8302aba', '2018-03-23 13:17:21', '9f2ec079-7d0f-4fe2-90ab-8b09a8302aba', '2018-05-15 17:02:58', null);
INSERT INTO `sys_modulebutton` VALUES ('b0d81444-6b44-4809-a263-94ec1319e730', '2c9d1684-46db-4572-9882-f37569d1cff0', '0', '1', 'NF-add', '新建字典', null, '1', 'btn_add()', '/WFManage/FlowDictionaryDetail/Form', '0', '0', '0', '0', '1', '0', '1', null, '2018-05-15 17:02:58', null, '2018-03-23 13:17:12', '9f2ec079-7d0f-4fe2-90ab-8b09a8302aba', '2018-05-15 17:02:58', null);
INSERT INTO `sys_modulebutton` VALUES ('b9823e63-5675-479b-b7bf-c2998d4b9288', '2c9d1684-46db-4572-9882-f37569d1cff0', '0', '1', 'NF-delete', '删除字典', null, '2', 'btn_delete()', '/WFManage/FlowDictionaryDetail/DeleteForm', '0', '0', '0', '0', '4', '0', '1', null, '2018-05-15 17:02:58', null, '2018-03-23 13:17:39', '9f2ec079-7d0f-4fe2-90ab-8b09a8302aba', '2018-05-15 17:02:58', null);
INSERT INTO `sys_modulebutton` VALUES ('bdf741e8-d1fa-46bc-9222-94d79b5137da', '2c9d1684-46db-4572-9882-f37569d1cff0', '0', '1', 'NF-Details', '查看字典', null, '2', 'btn_details()', '/WFManage/FlowDictionaryDetail/Details', '0', '0', '0', '0', '5', '0', '1', null, '2018-05-15 17:02:58', null, '2018-03-23 13:17:45', '9f2ec079-7d0f-4fe2-90ab-8b09a8302aba', '2018-05-15 17:02:58', null);
INSERT INTO `sys_modulebutton` VALUES ('dfdf1a70-5373-4e44-b767-d5270da5ee8c', '2c9d1684-46db-4572-9882-f37569d1cff0', '0', '1', 'NF-edit', '修改字典', null, '2', 'btn_edit()', '/WFManage/FlowDictionaryDetail/Form', '0', '0', '0', '0', '3', '0', '1', null, '2018-05-15 17:02:58', null, '2018-03-23 13:17:29', '9f2ec079-7d0f-4fe2-90ab-8b09a8302aba', '2018-05-15 17:02:58', null);
INSERT INTO `sys_modulebutton` VALUES ('797b2758-faf9-41d1-a446-7e34c3ddde8c', 'bfb9c6a3-ca1b-4e1f-9bd9-28c43f7fd5b2', '0', '1', 'NF-apply', '工作申请', null, '1', 'btn_apply()', '/WFManage/Work/Apply', '0', '0', '0', '0', '1', '0', '1', null, '2018-05-15 17:02:58', null, '2018-03-27 16:00:52', '9f2ec079-7d0f-4fe2-90ab-8b09a8302aba', '2018-05-15 17:02:58', null);
INSERT INTO `sys_modulebutton` VALUES ('6853ab67-2d83-45bf-aac9-09d3e470ab22', '35818fe3-8a75-4413-b832-0dbfdad985f9', '0', '1', 'NF-edit', '修改申请', null, '2', 'btn_edit()', '/WFManage/Work/ApplyForm', '0', '0', '0', '0', '2', '0', '1', null, '2018-05-15 17:02:58', null, '2018-03-28 14:54:56', '9f2ec079-7d0f-4fe2-90ab-8b09a8302aba', '2018-05-15 17:02:58', null);
INSERT INTO `sys_modulebutton` VALUES ('f5e3b561-88f7-4c59-8c01-dbfd3312f295', '35818fe3-8a75-4413-b832-0dbfdad985f9', '0', '1', 'NF-submit', '提交申请', null, '2', 'btn_submit()', '/WFManage/Work/SubmitApply', '0', '0', '0', '0', '3', '0', '1', null, '2018-05-15 17:02:58', null, '2018-03-28 14:56:17', '9f2ec079-7d0f-4fe2-90ab-8b09a8302aba', '2018-05-15 17:02:58', null);
INSERT INTO `sys_modulebutton` VALUES ('d9f92389-8d32-4ce2-8b86-98e3306aa8c0', '35818fe3-8a75-4413-b832-0dbfdad985f9', '0', '1', 'NF-details', '查看申请', null, '2', 'btn_detail()', '/WFManage/Work/ApplyDetails', '0', '0', '0', '0', '2', '0', '1', null, '2018-05-15 17:02:58', null, '2018-03-29 09:26:45', '9f2ec079-7d0f-4fe2-90ab-8b09a8302aba', '2018-05-15 17:02:58', null);
INSERT INTO `sys_modulebutton` VALUES ('b8faee9d-f063-4983-894f-7e31e71eea79', '0bdfa7a5-ec75-418c-b69a-fbcf1e00da12', '0', '1', 'NF-appro', '审核', null, '2', 'btn_appro()', 'WFManage/Work/Approval', '0', '0', '0', '0', '1', '0', '1', null, '2018-05-15 17:02:58', null, '2018-03-29 20:49:47', '9f2ec079-7d0f-4fe2-90ab-8b09a8302aba', '2018-05-15 17:02:58', null);
INSERT INTO `sys_modulebutton` VALUES ('72842fdf-be62-4cb8-896f-18f6e82c9795', '0bdfa7a5-ec75-418c-b69a-fbcf1e00da12', '0', '1', 'NF-details', '查看申请', null, '2', 'btn_detail()', 'WFManage/Work/ApplyDetails', '0', '0', '0', '0', '2', '0', '1', null, '2018-05-15 17:02:58', null, '2018-03-29 20:55:37', '9f2ec079-7d0f-4fe2-90ab-8b09a8302aba', '2018-05-15 17:02:58', null);
INSERT INTO `sys_modulebutton` VALUES ('7b169623-fdb6-4965-9413-04d6f7a13bb0', '6a96f8d9-a4e8-4c7c-8ff1-dfc223ea9bab', '0', '1', 'NF-edit', '修改证书', null, '2', 'btn_edit()', '/CertificateManage/Certificate/Form', '0', '0', '0', '0', '2', '0', '1', null, '2018-05-15 17:02:58', null, '2018-05-14 22:07:36', '9f2ec079-7d0f-4fe2-90ab-8b09a8302aba', '2018-05-15 17:02:58', null);
INSERT INTO `sys_modulebutton` VALUES ('8c1a8aaa-cb61-4bdf-96f4-87890b7d6803', '6a96f8d9-a4e8-4c7c-8ff1-dfc223ea9bab', '0', '1', 'NF-delete', '删除证书', null, '2', 'btn_delete()', '/CertificateManage/Certificate/DeleteForm', '0', '0', '0', '0', '3', '0', '1', null, '2018-05-15 17:02:58', null, '2018-05-14 22:07:43', '9f2ec079-7d0f-4fe2-90ab-8b09a8302aba', '2018-05-15 17:02:58', null);
INSERT INTO `sys_modulebutton` VALUES ('eabf2696-e4a0-407b-8ff5-691f70e3b40e', '6a96f8d9-a4e8-4c7c-8ff1-dfc223ea9bab', '0', '1', 'NF-Details', '查看证书', null, '2', 'btn_details()', '/CertificateManage/Certificate/Details', '0', '0', '0', '0', '4', '0', '1', null, '2018-05-15 17:02:58', null, '2018-05-14 22:07:50', '9f2ec079-7d0f-4fe2-90ab-8b09a8302aba', '2018-05-15 17:02:58', null);
INSERT INTO `sys_modulebutton` VALUES ('f652be01-e914-4632-8ec8-0f842308c61d', '6a96f8d9-a4e8-4c7c-8ff1-dfc223ea9bab', '0', '1', 'NF-import', '导入证书', null, '1', 'btn_import()', '/CertificateManage/Certificate/Import', '0', '0', '0', '0', '10', '0', '1', null, '2018-05-15 17:02:58', null, '2018-05-14 22:32:12', '9f2ec079-7d0f-4fe2-90ab-8b09a8302aba', '2018-05-15 17:02:58', null);
INSERT INTO `sys_modulebutton` VALUES ('c628c430-265a-4cfc-81a8-a6ace6ac328e', '6a96f8d9-a4e8-4c7c-8ff1-dfc223ea9bab', '0', '1', 'NF-export', '导出证书', null, '2', 'btn_export()', '/CertificateManage/Certificate/Export', '0', '0', '0', '0', '20', '0', '1', null, '2018-05-15 17:02:58', null, '2018-05-14 22:32:37', '9f2ec079-7d0f-4fe2-90ab-8b09a8302aba', '2018-05-15 17:02:58', null);
INSERT INTO `sys_modulebutton` VALUES ('eb5b0497-710e-40f9-83b1-5180a75c4bd6', '6a96f8d9-a4e8-4c7c-8ff1-dfc223ea9bab', '0', '1', 'NF-add', '新建证书', null, '1', 'btn_add()', '/CertificateManage/Certificate/Form', '0', '0', '0', '0', '1', '0', '1', null, '2018-05-15 17:02:58', null, '2018-05-14 22:07:27', '9f2ec079-7d0f-4fe2-90ab-8b09a8302aba', '2018-05-15 17:02:58', null);
INSERT INTO `sys_modulebutton` VALUES ('7dc785cf-5aa9-4a94-ae35-b4196f0ca0c0', '6a96f8d9-a4e8-4c7c-8ff1-dfc223ea9bab', '0', null, 'NF-temple', '下载模板', null, '1', null, null, '0', '0', '0', '0', '50', null, '1', null, '2018-05-15 21:08:47', '9f2ec079-7d0f-4fe2-90ab-8b09a8302aba', '2018-05-15 21:08:48', null, '2018-05-15 21:08:48', null);
INSERT INTO `sys_modulebutton` VALUES ('03c7832c-4ddc-4d65-8553-b0f5b344a189', 'eafcadb8-46b3-4b96-a1d3-daf70ae1ea6c', '0', '1', 'NF-import', '导入证书', null, '1', 'btn_import()', '/CertificateManage/Certificate/Import', '0', '0', '0', '0', '10', '0', '1', null, '2018-05-15 17:02:58', null, '2018-05-14 22:32:12', '9f2ec079-7d0f-4fe2-90ab-8b09a8302aba', '2018-05-15 17:02:58', null);
INSERT INTO `sys_modulebutton` VALUES ('4b20f58e-abd3-480a-af1e-99636cb8b83c', 'eafcadb8-46b3-4b96-a1d3-daf70ae1ea6c', '0', '1', 'NF-edit', '修改证书', null, '2', 'btn_edit()', '/CertificateManage/Certificate/Form', '0', '0', '0', '0', '2', '0', '1', null, '2018-05-15 17:02:58', null, '2018-05-14 22:07:36', '9f2ec079-7d0f-4fe2-90ab-8b09a8302aba', '2018-05-15 17:02:58', null);
INSERT INTO `sys_modulebutton` VALUES ('69443548-5d62-4d87-baf7-7d8db57c74c1', 'eafcadb8-46b3-4b96-a1d3-daf70ae1ea6c', '0', '1', 'NF-delete', '删除证书', null, '2', 'btn_delete()', '/CertificateManage/Certificate/DeleteForm', '0', '0', '0', '0', '3', '0', '1', null, '2018-05-15 17:02:58', null, '2018-05-14 22:07:43', '9f2ec079-7d0f-4fe2-90ab-8b09a8302aba', '2018-05-15 17:02:58', null);
INSERT INTO `sys_modulebutton` VALUES ('a8f9e77a-0b41-43ec-86e3-717270dda632', 'eafcadb8-46b3-4b96-a1d3-daf70ae1ea6c', '0', '1', 'NF-Details', '查看证书', null, '2', 'btn_details()', '/CertificateManage/Certificate/Details', '0', '0', '0', '0', '4', '0', '1', null, '2018-05-15 17:02:58', null, '2018-05-14 22:07:50', '9f2ec079-7d0f-4fe2-90ab-8b09a8302aba', '2018-05-15 17:02:58', null);
INSERT INTO `sys_modulebutton` VALUES ('c6220b67-57e4-4acb-8ea3-1f65b8060b61', 'eafcadb8-46b3-4b96-a1d3-daf70ae1ea6c', '0', null, 'NF-temple', '下载模板', null, '1', null, null, '0', '0', '0', '0', '50', null, '1', null, '2018-05-15 21:08:47', '9f2ec079-7d0f-4fe2-90ab-8b09a8302aba', '2018-05-15 21:08:48', null, '2018-05-15 21:08:48', null);
INSERT INTO `sys_modulebutton` VALUES ('d6a45dbe-ed61-41b8-ab63-8b54bd3cdaf5', 'eafcadb8-46b3-4b96-a1d3-daf70ae1ea6c', '0', '1', 'NF-add', '新建证书', null, '1', 'btn_add()', '/CertificateManage/Certificate/Form', '0', '0', '0', '0', '1', '0', '1', null, '2018-05-15 17:02:58', null, '2018-05-14 22:07:27', '9f2ec079-7d0f-4fe2-90ab-8b09a8302aba', '2018-05-15 17:02:58', null);
INSERT INTO `sys_modulebutton` VALUES ('fa404f19-860a-4758-bdea-f10fdf2386e8', 'eafcadb8-46b3-4b96-a1d3-daf70ae1ea6c', '0', '1', 'NF-export', '导出证书', null, '2', 'btn_export()', '/CertificateManage/Certificate/Export', '0', '0', '0', '0', '20', '0', '1', null, '2018-05-15 17:02:58', null, '2018-05-14 22:32:37', '9f2ec079-7d0f-4fe2-90ab-8b09a8302aba', '2018-05-15 17:02:58', null);
INSERT INTO `sys_modulebutton` VALUES ('211e4552-df94-491f-b498-28f559e1714c', '337616f9-76b1-4722-b7e9-d3d15ce14aa4', '0', '1', 'NF-Details', '查看证书', null, '2', 'btn_details()', '/CertificateManage/Certificate/Details', '0', '0', '0', '0', '4', '0', '1', null, '2018-05-15 17:02:58', null, '2018-05-14 22:07:50', '9f2ec079-7d0f-4fe2-90ab-8b09a8302aba', '2018-05-15 17:02:58', null);
INSERT INTO `sys_modulebutton` VALUES ('44374ad0-d2d5-4657-9cf8-47b5a70894d0', '337616f9-76b1-4722-b7e9-d3d15ce14aa4', '0', '1', 'NF-edit', '修改证书', null, '2', 'btn_edit()', '/CertificateManage/Certificate/Form', '0', '0', '0', '0', '2', '0', '1', null, '2018-05-15 17:02:58', null, '2018-05-14 22:07:36', '9f2ec079-7d0f-4fe2-90ab-8b09a8302aba', '2018-05-15 17:02:58', null);
INSERT INTO `sys_modulebutton` VALUES ('514d4e5a-bd44-49cb-957e-9b70f3559532', '337616f9-76b1-4722-b7e9-d3d15ce14aa4', '0', null, 'NF-temple', '下载模板', null, '1', null, null, '0', '0', '0', '0', '50', null, '1', null, '2018-05-15 21:08:47', '9f2ec079-7d0f-4fe2-90ab-8b09a8302aba', '2018-05-15 21:08:48', null, '2018-05-15 21:08:48', null);
INSERT INTO `sys_modulebutton` VALUES ('7388233a-afe1-4070-a414-fc71e5e85ad9', '337616f9-76b1-4722-b7e9-d3d15ce14aa4', '0', '1', 'NF-delete', '删除证书', null, '2', 'btn_delete()', '/CertificateManage/Certificate/DeleteForm', '0', '0', '0', '0', '3', '0', '1', null, '2018-05-15 17:02:58', null, '2018-05-14 22:07:43', '9f2ec079-7d0f-4fe2-90ab-8b09a8302aba', '2018-05-15 17:02:58', null);
INSERT INTO `sys_modulebutton` VALUES ('8158dbd2-46ae-4133-9669-048254537653', '337616f9-76b1-4722-b7e9-d3d15ce14aa4', '0', '1', 'NF-export', '导出证书', null, '2', 'btn_export()', '/CertificateManage/Certificate/Export', '0', '0', '0', '0', '20', '0', '1', null, '2018-05-15 17:02:58', null, '2018-05-14 22:32:37', '9f2ec079-7d0f-4fe2-90ab-8b09a8302aba', '2018-05-15 17:02:58', null);
INSERT INTO `sys_modulebutton` VALUES ('8f6e41fd-e38f-42ff-bf18-c26257ea8fbe', '337616f9-76b1-4722-b7e9-d3d15ce14aa4', '0', '1', 'NF-add', '新建证书', null, '1', 'btn_add()', '/CertificateManage/Certificate/Form', '0', '0', '0', '0', '1', '0', '1', null, '2018-05-15 17:02:58', null, '2018-05-14 22:07:27', '9f2ec079-7d0f-4fe2-90ab-8b09a8302aba', '2018-05-15 17:02:58', null);
INSERT INTO `sys_modulebutton` VALUES ('c5a16800-b4e4-4245-a14e-38d2c2c79111', '337616f9-76b1-4722-b7e9-d3d15ce14aa4', '0', '1', 'NF-import', '导入证书', null, '1', 'btn_import()', '/CertificateManage/Certificate/Import', '0', '0', '0', '0', '10', '0', '1', null, '2018-05-15 17:02:58', null, '2018-05-14 22:32:12', '9f2ec079-7d0f-4fe2-90ab-8b09a8302aba', '2018-05-15 17:02:58', null);

-- ----------------------------
-- Table structure for `sys_moduleform`
-- ----------------------------
DROP TABLE IF EXISTS `sys_moduleform`;
CREATE TABLE `sys_moduleform` (
  `Id` varchar(50) NOT NULL,
  `ModuleId` varchar(50) DEFAULT NULL,
  `EnCode` varchar(50) DEFAULT NULL,
  `FullName` varchar(50) DEFAULT NULL,
  `FormJson` longtext,
  `SortCode` int(11) DEFAULT NULL,
  `DeleteMark` tinyint(4) DEFAULT NULL,
  `EnabledMark` tinyint(4) DEFAULT NULL,
  `Description` varchar(255) DEFAULT NULL,
  `CreatorTime` timestamp NOT NULL DEFAULT CURRENT_TIMESTAMP ON UPDATE CURRENT_TIMESTAMP,
  `CreatorUserId` varchar(50) DEFAULT NULL,
  `LastModifyTime` timestamp NOT NULL DEFAULT '0000-00-00 00:00:00',
  `LastModifyUserId` varchar(50) DEFAULT NULL,
  `DeleteTime` timestamp NOT NULL DEFAULT '0000-00-00 00:00:00',
  `DeleteUserId` varchar(255) DEFAULT NULL,
  PRIMARY KEY (`Id`)
) ENGINE=MyISAM DEFAULT CHARSET=utf8;

-- ----------------------------
-- Records of sys_moduleform
-- ----------------------------

-- ----------------------------
-- Table structure for `sys_moduleforminstance`
-- ----------------------------
DROP TABLE IF EXISTS `sys_moduleforminstance`;
CREATE TABLE `sys_moduleforminstance` (
  `Id` varchar(50) NOT NULL,
  `FormId` varchar(50) DEFAULT NULL,
  `ObjectId` varchar(50) DEFAULT NULL,
  `InstanceJson` longtext,
  `SortCode` int(11) DEFAULT NULL,
  `CreatorTime` timestamp NOT NULL DEFAULT CURRENT_TIMESTAMP ON UPDATE CURRENT_TIMESTAMP,
  `CreatorUserId` varchar(50) DEFAULT NULL,
  PRIMARY KEY (`Id`)
) ENGINE=MyISAM DEFAULT CHARSET=utf8;

-- ----------------------------
-- Records of sys_moduleforminstance
-- ----------------------------

-- ----------------------------
-- Table structure for `sys_organize`
-- ----------------------------
DROP TABLE IF EXISTS `sys_organize`;
CREATE TABLE `sys_organize` (
  `Id` varchar(50) NOT NULL,
  `ParentId` varchar(50) DEFAULT NULL,
  `Layers` int(11) DEFAULT NULL,
  `EnCode` varchar(50) DEFAULT NULL,
  `FullName` varchar(50) DEFAULT NULL,
  `ShortName` varchar(50) DEFAULT NULL,
  `CategoryId` varchar(50) DEFAULT NULL,
  `ManagerId` varchar(50) DEFAULT NULL,
  `TelePhone` varchar(20) DEFAULT NULL,
  `MobilePhone` varchar(20) DEFAULT NULL,
  `WeChat` varchar(50) DEFAULT NULL,
  `Fax` varchar(20) DEFAULT NULL,
  `Email` varchar(50) DEFAULT NULL,
  `AreaId` varchar(50) DEFAULT NULL,
  `Address` varchar(255) DEFAULT NULL,
  `AllowEdit` tinyint(4) DEFAULT NULL,
  `AllowDelete` tinyint(4) DEFAULT NULL,
  `SortCode` int(11) DEFAULT NULL,
  `DeleteMark` tinyint(4) DEFAULT NULL,
  `EnabledMark` tinyint(4) DEFAULT NULL,
  `Description` varchar(255) DEFAULT NULL,
  `CreatorTime` timestamp NOT NULL DEFAULT CURRENT_TIMESTAMP ON UPDATE CURRENT_TIMESTAMP,
  `CreatorUserId` varchar(50) DEFAULT NULL,
  `LastModifyTime` timestamp NOT NULL DEFAULT '0000-00-00 00:00:00',
  `LastModifyUserId` varchar(50) DEFAULT NULL,
  `DeleteTime` timestamp NOT NULL DEFAULT '0000-00-00 00:00:00',
  `DeleteUserId` varchar(255) DEFAULT NULL,
  PRIMARY KEY (`Id`)
) ENGINE=MyISAM DEFAULT CHARSET=utf8;

-- ----------------------------
-- Records of sys_organize
-- ----------------------------
INSERT INTO `sys_organize` VALUES ('f4327827-dea6-453c-97a3-b333df0da895', '0', null, '0001', '上海巴伦支教育科技有限公司', null, 'Company', null, null, null, null, null, null, null, null, null, null, null, null, '1', null, '2018-05-15 18:03:53', '9f2ec079-7d0f-4fe2-90ab-8b09a8302aba', '2018-05-15 18:03:53', null, '2018-05-15 18:03:53', null);

-- ----------------------------
-- Table structure for `sys_role`
-- ----------------------------
DROP TABLE IF EXISTS `sys_role`;
CREATE TABLE `sys_role` (
  `Id` varchar(50) NOT NULL,
  `OrganizeId` varchar(50) DEFAULT NULL,
  `Category` int(11) DEFAULT NULL,
  `EnCode` varchar(50) DEFAULT NULL,
  `FullName` varchar(50) DEFAULT NULL,
  `Type` varchar(50) DEFAULT NULL,
  `AllowEdit` tinyint(4) DEFAULT NULL,
  `AllowDelete` tinyint(4) DEFAULT NULL,
  `SortCode` int(11) DEFAULT NULL,
  `DeleteMark` tinyint(4) DEFAULT NULL,
  `EnabledMark` tinyint(4) DEFAULT NULL,
  `Description` varchar(255) DEFAULT NULL,
  `CreatorTime` timestamp NOT NULL DEFAULT CURRENT_TIMESTAMP ON UPDATE CURRENT_TIMESTAMP,
  `CreatorUserId` varchar(50) DEFAULT NULL,
  `LastModifyTime` timestamp NOT NULL DEFAULT '0000-00-00 00:00:00',
  `LastModifyUserId` varchar(50) DEFAULT NULL,
  `DeleteTime` timestamp NOT NULL DEFAULT '0000-00-00 00:00:00',
  `DeleteUserId` varchar(255) DEFAULT NULL,
  PRIMARY KEY (`Id`)
) ENGINE=MyISAM DEFAULT CHARSET=utf8;

-- ----------------------------
-- Records of sys_role
-- ----------------------------
INSERT INTO `sys_role` VALUES ('F0A2B36F-35A7-4660-B46C-D4AB796591EB', '5AB270C0-5D33-4203-A54F-4552699FDA3C', '1', 'administrators', '超级管理员', '1', '1', '1', '1', '0', '1', '', '2016-07-10 00:00:00', '', '2016-07-24 00:04:00', '9f2ec079-7d0f-4fe2-90ab-8b09a8302aba', '2018-05-15 17:02:58', '');
INSERT INTO `sys_role` VALUES ('a12d8f85-69eb-461c-af9f-16aa8696ee0d', 'f4327827-dea6-453c-97a3-b333df0da895', '2', '001', '证书管理员', null, '0', '0', '1', null, '1', null, '2018-05-15 18:35:30', '9f2ec079-7d0f-4fe2-90ab-8b09a8302aba', '2018-05-15 18:35:30', null, '2018-05-15 18:35:30', null);
INSERT INTO `sys_role` VALUES ('F0A2B36F-35A7-4660-B46C-D4AB796591EC', 'f4327827-dea6-453c-97a3-b333df0da895', '1', 'Certificate', '证书管理员', '1', '1', '1', '2', '0', '1', null, '2018-05-15 19:00:58', null, '2018-05-15 18:32:39', null, '2018-05-15 18:32:39', null);

-- ----------------------------
-- Table structure for `sys_roleauthorize`
-- ----------------------------
DROP TABLE IF EXISTS `sys_roleauthorize`;
CREATE TABLE `sys_roleauthorize` (
  `Id` varchar(50) NOT NULL,
  `ItemType` int(11) DEFAULT NULL,
  `ItemId` varchar(50) DEFAULT NULL,
  `ObjectType` int(11) DEFAULT NULL,
  `ObjectId` varchar(50) DEFAULT NULL,
  `SortCode` int(11) DEFAULT NULL,
  `CreatorTime` timestamp NOT NULL DEFAULT CURRENT_TIMESTAMP ON UPDATE CURRENT_TIMESTAMP,
  `CreatorUserId` varchar(50) DEFAULT NULL,
  PRIMARY KEY (`Id`)
) ENGINE=MyISAM DEFAULT CHARSET=utf8;

-- ----------------------------
-- Records of sys_roleauthorize
-- ----------------------------
INSERT INTO `sys_roleauthorize` VALUES ('0ca4a5c5-8749-4126-b9a3-064c875fcd04', '2', '7b169623-fdb6-4965-9413-04d6f7a13bb0', '1', 'F0A2B36F-35A7-4660-B46C-D4AB796591EC', null, '2018-05-16 12:38:38', null);
INSERT INTO `sys_roleauthorize` VALUES ('1765f648-6660-4d1e-8b4c-03c00e4bd322', '1', 'fc23df0e-cde8-416b-ab02-35d7f3e07138', '1', 'F0A2B36F-35A7-4660-B46C-D4AB796591EC', null, '2018-05-16 12:38:38', null);
INSERT INTO `sys_roleauthorize` VALUES ('1b159b65-7c8e-4cff-8dd3-bc8aa08409c8', '2', 'c628c430-265a-4cfc-81a8-a6ace6ac328e', '1', 'F0A2B36F-35A7-4660-B46C-D4AB796591EC', null, '2018-05-16 12:38:38', null);
INSERT INTO `sys_roleauthorize` VALUES ('1fbf4465-d8be-4ae1-8e05-3fc0e423b3b0', '2', '8c1a8aaa-cb61-4bdf-96f4-87890b7d6803', '1', 'F0A2B36F-35A7-4660-B46C-D4AB796591EC', null, '2018-05-16 12:38:38', null);
INSERT INTO `sys_roleauthorize` VALUES ('274f737d-e40c-4c88-b124-57edf1836985', '1', '6a96f8d9-a4e8-4c7c-8ff1-dfc223ea9bab', '1', 'F0A2B36F-35A7-4660-B46C-D4AB796591EC', null, '2018-05-16 12:38:38', null);
INSERT INTO `sys_roleauthorize` VALUES ('32056e82-2b9c-4e34-ba9d-fe4e8c698963', '2', 'eabf2696-e4a0-407b-8ff5-691f70e3b40e', '1', 'F0A2B36F-35A7-4660-B46C-D4AB796591EC', null, '2018-05-16 12:38:38', null);
INSERT INTO `sys_roleauthorize` VALUES ('37208d4b-5d28-4deb-b6a4-4d280703c4fb', '1', 'eafcadb8-46b3-4b96-a1d3-daf70ae1ea6c', '1', 'F0A2B36F-35A7-4660-B46C-D4AB796591EC', null, '2018-05-16 12:38:38', null);
INSERT INTO `sys_roleauthorize` VALUES ('51878c57-efe4-439e-88ca-604660d1378a', '2', 'c5a16800-b4e4-4245-a14e-38d2c2c79111', '1', 'F0A2B36F-35A7-4660-B46C-D4AB796591EC', null, '2018-05-16 12:38:38', null);
INSERT INTO `sys_roleauthorize` VALUES ('087840a2-9988-4ab1-9317-354fe8e72dfe', '2', '4b20f58e-abd3-480a-af1e-99636cb8b83c', '1', 'F0A2B36F-35A7-4660-B46C-D4AB796591EC', null, '2018-05-16 12:38:38', null);
INSERT INTO `sys_roleauthorize` VALUES ('55fedb7b-b756-45d2-b7eb-b50f8ee58ac6', '2', '8f6e41fd-e38f-42ff-bf18-c26257ea8fbe', '1', 'F0A2B36F-35A7-4660-B46C-D4AB796591EC', null, '2018-05-16 12:38:38', null);
INSERT INTO `sys_roleauthorize` VALUES ('5cf97a26-a90a-4780-8a82-17233653ef97', '2', '514d4e5a-bd44-49cb-957e-9b70f3559532', '1', 'F0A2B36F-35A7-4660-B46C-D4AB796591EC', null, '2018-05-16 12:38:38', null);
INSERT INTO `sys_roleauthorize` VALUES ('63e2cdf0-4194-445d-bc64-2f1cbd719d82', '2', 'fa404f19-860a-4758-bdea-f10fdf2386e8', '1', 'F0A2B36F-35A7-4660-B46C-D4AB796591EC', null, '2018-05-16 12:38:38', null);
INSERT INTO `sys_roleauthorize` VALUES ('833a954b-7183-4a22-b4c1-17a46a734619', '2', 'f652be01-e914-4632-8ec8-0f842308c61d', '1', 'F0A2B36F-35A7-4660-B46C-D4AB796591EC', null, '2018-05-16 12:38:38', null);
INSERT INTO `sys_roleauthorize` VALUES ('88f4505d-b11a-4f73-8897-287bd2ca733f', '2', '7dc785cf-5aa9-4a94-ae35-b4196f0ca0c0', '1', 'F0A2B36F-35A7-4660-B46C-D4AB796591EC', null, '2018-05-16 12:38:38', null);
INSERT INTO `sys_roleauthorize` VALUES ('8ebf70fc-1318-492d-a125-b46cb87c4872', '1', '337616f9-76b1-4722-b7e9-d3d15ce14aa4', '1', 'F0A2B36F-35A7-4660-B46C-D4AB796591EC', null, '2018-05-16 12:38:38', null);
INSERT INTO `sys_roleauthorize` VALUES ('964b0fa9-1894-46b8-9ee1-084b51bf01d4', '2', '69443548-5d62-4d87-baf7-7d8db57c74c1', '1', 'F0A2B36F-35A7-4660-B46C-D4AB796591EC', null, '2018-05-16 12:38:38', null);
INSERT INTO `sys_roleauthorize` VALUES ('9884d873-b8c1-4706-b310-02fc09e4ae40', '2', 'd6a45dbe-ed61-41b8-ab63-8b54bd3cdaf5', '1', 'F0A2B36F-35A7-4660-B46C-D4AB796591EC', null, '2018-05-16 12:38:38', null);
INSERT INTO `sys_roleauthorize` VALUES ('9b9c7808-82aa-4cd0-9685-c87b60727a1a', '2', '7388233a-afe1-4070-a414-fc71e5e85ad9', '1', 'F0A2B36F-35A7-4660-B46C-D4AB796591EC', null, '2018-05-16 12:38:38', null);
INSERT INTO `sys_roleauthorize` VALUES ('a957df14-64ac-4cd1-9b68-81af574f1f0b', '2', '8158dbd2-46ae-4133-9669-048254537653', '1', 'F0A2B36F-35A7-4660-B46C-D4AB796591EC', null, '2018-05-16 12:38:38', null);
INSERT INTO `sys_roleauthorize` VALUES ('aeafad4c-5bdd-4a50-b51f-80a3c09d8c5d', '2', 'eb5b0497-710e-40f9-83b1-5180a75c4bd6', '1', 'F0A2B36F-35A7-4660-B46C-D4AB796591EC', null, '2018-05-16 12:38:38', null);
INSERT INTO `sys_roleauthorize` VALUES ('b7d80d5a-8496-40e4-9719-e4251f4f71a1', '2', '03c7832c-4ddc-4d65-8553-b0f5b344a189', '1', 'F0A2B36F-35A7-4660-B46C-D4AB796591EC', null, '2018-05-16 12:38:38', null);
INSERT INTO `sys_roleauthorize` VALUES ('b9e7c26e-1115-4b4e-8ccc-e2913ee42301', '2', '211e4552-df94-491f-b498-28f559e1714c', '1', 'F0A2B36F-35A7-4660-B46C-D4AB796591EC', null, '2018-05-16 12:38:38', null);
INSERT INTO `sys_roleauthorize` VALUES ('bc9d68cf-3bf3-4686-91ac-ea6d0bd625fa', '2', 'a8f9e77a-0b41-43ec-86e3-717270dda632', '1', 'F0A2B36F-35A7-4660-B46C-D4AB796591EC', null, '2018-05-16 12:38:38', null);
INSERT INTO `sys_roleauthorize` VALUES ('be118b7d-a927-40ff-aa15-ed7fb26e7132', '2', '44374ad0-d2d5-4657-9cf8-47b5a70894d0', '1', 'F0A2B36F-35A7-4660-B46C-D4AB796591EC', null, '2018-05-16 12:38:38', null);
INSERT INTO `sys_roleauthorize` VALUES ('fd9f5b5f-a6d7-4320-af87-145aa42b0d1d', '2', 'c6220b67-57e4-4acb-8ea3-1f65b8060b61', '1', 'F0A2B36F-35A7-4660-B46C-D4AB796591EC', null, '2018-05-16 12:38:38', null);

-- ----------------------------
-- Table structure for `sys_user`
-- ----------------------------
DROP TABLE IF EXISTS `sys_user`;
CREATE TABLE `sys_user` (
  `Id` varchar(50) NOT NULL,
  `Account` varchar(50) DEFAULT NULL,
  `RealName` varchar(50) DEFAULT NULL,
  `NickName` varchar(50) DEFAULT NULL,
  `HeadIcon` varchar(50) DEFAULT NULL,
  `Gender` tinyint(4) DEFAULT NULL,
  `Birthday` timestamp NOT NULL DEFAULT CURRENT_TIMESTAMP ON UPDATE CURRENT_TIMESTAMP,
  `MobilePhone` varchar(20) DEFAULT NULL,
  `Email` varchar(50) DEFAULT NULL,
  `WeChat` varchar(50) DEFAULT NULL,
  `ManagerId` varchar(50) DEFAULT NULL,
  `SecurityLevel` int(11) DEFAULT NULL,
  `Signature` varchar(255) DEFAULT NULL,
  `OrganizeId` varchar(50) DEFAULT NULL,
  `DepartmentId` varchar(255) DEFAULT NULL,
  `RoleId` varchar(255) DEFAULT NULL,
  `DutyId` varchar(255) DEFAULT NULL,
  `IsAdministrator` tinyint(4) DEFAULT NULL,
  `SortCode` int(11) DEFAULT NULL,
  `DeleteMark` tinyint(4) DEFAULT NULL,
  `EnabledMark` tinyint(4) DEFAULT NULL,
  `Description` varchar(255) DEFAULT NULL,
  `CreatorTime` timestamp NOT NULL DEFAULT '0000-00-00 00:00:00',
  `CreatorUserId` varchar(50) DEFAULT NULL,
  `LastModifyTime` timestamp NOT NULL DEFAULT '0000-00-00 00:00:00',
  `LastModifyUserId` varchar(50) DEFAULT NULL,
  `DeleteTime` timestamp NOT NULL DEFAULT '0000-00-00 00:00:00',
  `DeleteUserId` varchar(255) DEFAULT NULL,
  PRIMARY KEY (`Id`)
) ENGINE=MyISAM DEFAULT CHARSET=utf8;

-- ----------------------------
-- Records of sys_user
-- ----------------------------
INSERT INTO `sys_user` VALUES ('9f2ec079-7d0f-4fe2-90ab-8b09a8302aba', 'admin', '超级管理员', '超级管理员', null, '1', '2018-05-15 17:02:58', '13600000000', null, null, null, null, null, '5AB270C0-5D33-4203-A54F-4552699FDA3C', '554C61CE-6AE0-44EB-B33D-A462BE7EB3E1', null, null, '0', null, '0', '1', '系统内置账户', '2016-07-20 00:00:00', null, '2018-05-15 17:02:58', null, '2018-05-15 17:02:58', null);
INSERT INTO `sys_user` VALUES ('784e096d-6dd9-4d36-bd04-c8d4df4446e0', 'linkcareer', 'linkcareer', null, null, '1', '2018-05-15 18:38:19', null, null, null, null, null, null, 'f4327827-dea6-453c-97a3-b333df0da895', 'f4327827-dea6-453c-97a3-b333df0da895', 'F0A2B36F-35A7-4660-B46C-D4AB796591EC', 'a12d8f85-69eb-461c-af9f-16aa8696ee0d', '0', null, null, '1', null, '2018-05-15 18:38:19', '9f2ec079-7d0f-4fe2-90ab-8b09a8302aba', '2018-05-15 18:38:19', null, '2018-05-15 18:38:19', null);

-- ----------------------------
-- Table structure for `sys_userlogon`
-- ----------------------------
DROP TABLE IF EXISTS `sys_userlogon`;
CREATE TABLE `sys_userlogon` (
  `Id` varchar(50) NOT NULL,
  `UserId` varchar(50) DEFAULT NULL,
  `UserPassword` varchar(50) DEFAULT NULL,
  `UserSecretkey` varchar(50) DEFAULT NULL,
  `AllowStartTime` timestamp NOT NULL DEFAULT CURRENT_TIMESTAMP ON UPDATE CURRENT_TIMESTAMP,
  `AllowEndTime` timestamp NOT NULL DEFAULT '0000-00-00 00:00:00',
  `LockStartDate` timestamp NOT NULL DEFAULT '0000-00-00 00:00:00',
  `LockEndDate` timestamp NOT NULL DEFAULT '0000-00-00 00:00:00',
  `FirstVisitTime` timestamp NOT NULL DEFAULT '0000-00-00 00:00:00',
  `PreviousVisitTime` timestamp NOT NULL DEFAULT '0000-00-00 00:00:00',
  `LastVisitTime` timestamp NOT NULL DEFAULT '0000-00-00 00:00:00',
  `ChangePasswordDate` timestamp NOT NULL DEFAULT '0000-00-00 00:00:00',
  `MultiUserLogin` tinyint(4) DEFAULT NULL,
  `LogOnCount` int(11) DEFAULT NULL,
  `UserOnLine` tinyint(4) DEFAULT NULL,
  `Question` varchar(50) DEFAULT NULL,
  `AnswerQuestion` varchar(255) DEFAULT NULL,
  `CheckIPAddress` tinyint(4) DEFAULT NULL,
  `Language` varchar(50) DEFAULT NULL,
  `Theme` varchar(50) DEFAULT NULL,
  PRIMARY KEY (`Id`)
) ENGINE=MyISAM DEFAULT CHARSET=utf8;

-- ----------------------------
-- Records of sys_userlogon
-- ----------------------------
INSERT INTO `sys_userlogon` VALUES ('9f2ec079-7d0f-4fe2-90ab-8b09a8302aba', '9f2ec079-7d0f-4fe2-90ab-8b09a8302aba', '44c35ab35cb0603e90d168642ca51fb6', '57d3031d6fc4a34d', '2018-05-15 17:02:58', '2018-05-15 17:02:58', '2018-05-15 17:02:58', '2018-05-15 17:02:58', '2018-05-15 17:02:58', '2018-05-15 21:08:14', '2018-05-16 12:36:00', '2018-05-15 17:02:58', null, '201', null, null, null, null, null, null);
INSERT INTO `sys_userlogon` VALUES ('784e096d-6dd9-4d36-bd04-c8d4df4446e0', '784e096d-6dd9-4d36-bd04-c8d4df4446e0', '7e331a3fb32a354dccef0b36c8e2cd98', '64a6d6bd8e4c05ca', '2018-05-15 18:38:19', '2018-05-15 18:38:19', '2018-05-15 18:38:19', '2018-05-15 18:38:19', '2018-05-15 18:38:19', '2018-05-16 12:40:26', '2018-05-16 14:50:34', '2018-05-15 18:38:19', null, '17', null, null, null, null, null, null);

-- ----------------------------
-- Table structure for `wf_approvalprocess`
-- ----------------------------
DROP TABLE IF EXISTS `wf_approvalprocess`;
CREATE TABLE `wf_approvalprocess` (
  `Id` varchar(50) NOT NULL,
  `WorkId` varchar(50) DEFAULT NULL,
  `LastProcessId` varchar(50) DEFAULT NULL,
  `ApprovalUserId` varchar(50) DEFAULT NULL,
  `ApprovalUserName` varchar(50) DEFAULT NULL,
  `ApprovalStatus` int(11) DEFAULT NULL,
  `NodeId` varchar(50) DEFAULT NULL,
  `LastLineId` varchar(50) DEFAULT NULL,
  `DeleteMark` tinyint(4) DEFAULT NULL,
  `EnabledMark` tinyint(4) DEFAULT NULL,
  `Description` varchar(255) DEFAULT NULL,
  `CreatorTime` timestamp NOT NULL DEFAULT CURRENT_TIMESTAMP ON UPDATE CURRENT_TIMESTAMP,
  `CreatorUserId` varchar(50) DEFAULT NULL,
  `LastModifyTime` timestamp NOT NULL DEFAULT '0000-00-00 00:00:00',
  `LastModifyUserId` varchar(50) DEFAULT NULL,
  `DeleteTime` timestamp NOT NULL DEFAULT '0000-00-00 00:00:00',
  `DeleteUserId` varchar(50) DEFAULT NULL,
  PRIMARY KEY (`Id`)
) ENGINE=MyISAM DEFAULT CHARSET=utf8;

-- ----------------------------
-- Records of wf_approvalprocess
-- ----------------------------

-- ----------------------------
-- Table structure for `wf_flowareas`
-- ----------------------------
DROP TABLE IF EXISTS `wf_flowareas`;
CREATE TABLE `wf_flowareas` (
  `Id` varchar(50) NOT NULL,
  `FlowVersionId` varchar(50) DEFAULT NULL,
  `MarkName` varchar(50) DEFAULT NULL,
  `Name` varchar(50) DEFAULT NULL,
  `Marked` tinyint(4) DEFAULT NULL,
  `Left` int(11) DEFAULT NULL,
  `Top` int(11) DEFAULT NULL,
  `Width` int(11) DEFAULT NULL,
  `Height` int(11) DEFAULT NULL,
  PRIMARY KEY (`Id`)
) ENGINE=MyISAM DEFAULT CHARSET=utf8;

-- ----------------------------
-- Records of wf_flowareas
-- ----------------------------

-- ----------------------------
-- Table structure for `wf_flowlines`
-- ----------------------------
DROP TABLE IF EXISTS `wf_flowlines`;
CREATE TABLE `wf_flowlines` (
  `Id` varchar(50) NOT NULL,
  `FlowVersionId` varchar(50) DEFAULT NULL,
  `MarkName` varchar(50) DEFAULT NULL,
  `TypeName` varchar(50) DEFAULT NULL,
  `Name` varchar(50) DEFAULT NULL,
  `FromNode` varchar(50) DEFAULT NULL,
  `ToNode` varchar(50) DEFAULT NULL,
  `Marked` tinyint(4) DEFAULT NULL,
  `PlotType` int(11) DEFAULT NULL,
  `Plot` varchar(255) DEFAULT NULL,
  `SqlPlot` varchar(255) DEFAULT NULL,
  PRIMARY KEY (`Id`)
) ENGINE=MyISAM DEFAULT CHARSET=utf8;

-- ----------------------------
-- Records of wf_flowlines
-- ----------------------------

-- ----------------------------
-- Table structure for `wf_flownodes`
-- ----------------------------
DROP TABLE IF EXISTS `wf_flownodes`;
CREATE TABLE `wf_flownodes` (
  `Id` varchar(50) NOT NULL,
  `FlowVersionId` varchar(50) DEFAULT NULL,
  `MarkName` varchar(50) DEFAULT NULL,
  `TypeName` varchar(50) DEFAULT NULL,
  `Name` varchar(50) DEFAULT NULL,
  `Marked` tinyint(4) DEFAULT NULL,
  `Left` int(11) DEFAULT NULL,
  `Top` int(11) DEFAULT NULL,
  `Width` int(11) DEFAULT NULL,
  `Height` int(11) DEFAULT NULL,
  `StepType` int(11) DEFAULT NULL,
  `RejectType` int(11) DEFAULT NULL,
  `ReviewerType` int(11) DEFAULT NULL,
  `ReviewerOrg` varchar(255) DEFAULT NULL,
  `ReviewerUser` varchar(255) DEFAULT NULL,
  `MessageType` int(11) DEFAULT NULL,
  `IsStartNode` tinyint(4) DEFAULT NULL,
  `IsEndNode` tinyint(4) DEFAULT NULL,
  PRIMARY KEY (`Id`)
) ENGINE=MyISAM DEFAULT CHARSET=utf8;

-- ----------------------------
-- Records of wf_flownodes
-- ----------------------------

-- ----------------------------
-- Table structure for `wf_flows`
-- ----------------------------
DROP TABLE IF EXISTS `wf_flows`;
CREATE TABLE `wf_flows` (
  `Id` varchar(50) NOT NULL,
  `FormId` varchar(50) DEFAULT NULL,
  `FormType` int(11) DEFAULT NULL,
  `FormUrl` varchar(255) DEFAULT NULL,
  `EnCode` varchar(50) DEFAULT NULL,
  `FullName` varchar(50) DEFAULT NULL,
  `SortCode` int(11) DEFAULT NULL,
  `DeleteMark` tinyint(4) DEFAULT NULL,
  `EnabledMark` tinyint(4) DEFAULT NULL,
  `Description` varchar(255) DEFAULT NULL,
  `CreatorTime` timestamp NOT NULL DEFAULT CURRENT_TIMESTAMP ON UPDATE CURRENT_TIMESTAMP,
  `CreatorUserId` varchar(50) DEFAULT NULL,
  `LastModifyTime` timestamp NOT NULL DEFAULT '0000-00-00 00:00:00',
  `LastModifyUserId` varchar(50) DEFAULT NULL,
  `DeleteTime` timestamp NOT NULL DEFAULT '0000-00-00 00:00:00',
  `DeleteUserId` varchar(50) DEFAULT NULL,
  PRIMARY KEY (`Id`)
) ENGINE=MyISAM DEFAULT CHARSET=utf8;

-- ----------------------------
-- Records of wf_flows
-- ----------------------------

-- ----------------------------
-- Table structure for `wf_flowversions`
-- ----------------------------
DROP TABLE IF EXISTS `wf_flowversions`;
CREATE TABLE `wf_flowversions` (
  `Id` varchar(50) NOT NULL,
  `FlowId` varchar(50) DEFAULT NULL,
  `EnCode` varchar(50) DEFAULT NULL,
  `FullName` varchar(50) DEFAULT NULL,
  `Codes` longtext,
  `InitNum` int(11) DEFAULT NULL,
  `SortCode` int(11) DEFAULT NULL,
  `DeleteMark` tinyint(4) DEFAULT NULL,
  `EnabledMark` tinyint(4) DEFAULT NULL,
  `Description` varchar(255) DEFAULT NULL,
  `CreatorTime` timestamp NOT NULL DEFAULT CURRENT_TIMESTAMP ON UPDATE CURRENT_TIMESTAMP,
  `CreatorUserId` varchar(50) DEFAULT NULL,
  `LastModifyTime` timestamp NOT NULL DEFAULT '0000-00-00 00:00:00',
  `LastModifyUserId` varchar(50) DEFAULT NULL,
  `DeleteTime` timestamp NOT NULL DEFAULT '0000-00-00 00:00:00',
  `DeleteUserId` varchar(50) DEFAULT NULL,
  PRIMARY KEY (`Id`)
) ENGINE=MyISAM DEFAULT CHARSET=utf8;

-- ----------------------------
-- Records of wf_flowversions
-- ----------------------------

-- ----------------------------
-- Table structure for `wf_formcontrols`
-- ----------------------------
DROP TABLE IF EXISTS `wf_formcontrols`;
CREATE TABLE `wf_formcontrols` (
  `Id` varchar(50) NOT NULL,
  `FormId` varchar(50) DEFAULT NULL,
  `ControlId` varchar(50) DEFAULT NULL,
  `FullName` varchar(50) DEFAULT NULL,
  `ControlType` int(11) DEFAULT NULL,
  `TypeName` varchar(50) DEFAULT NULL,
  `DefaultType` varchar(50) DEFAULT NULL,
  `DefaultValue` varchar(255) DEFAULT NULL,
  PRIMARY KEY (`Id`)
) ENGINE=MyISAM DEFAULT CHARSET=utf8;

-- ----------------------------
-- Records of wf_formcontrols
-- ----------------------------

-- ----------------------------
-- Table structure for `wf_forms`
-- ----------------------------
DROP TABLE IF EXISTS `wf_forms`;
CREATE TABLE `wf_forms` (
  `Id` varchar(50) NOT NULL,
  `EnCode` varchar(50) DEFAULT NULL,
  `FullName` varchar(50) DEFAULT NULL,
  `Codes` longtext,
  `SortCode` int(11) DEFAULT NULL,
  `DeleteMark` tinyint(4) DEFAULT NULL,
  `EnabledMark` tinyint(4) DEFAULT NULL,
  `Description` varchar(255) DEFAULT NULL,
  `CreatorTime` timestamp NOT NULL DEFAULT CURRENT_TIMESTAMP ON UPDATE CURRENT_TIMESTAMP,
  `CreatorUserId` varchar(50) DEFAULT NULL,
  `LastModifyTime` timestamp NOT NULL DEFAULT '0000-00-00 00:00:00',
  `LastModifyUserId` varchar(50) DEFAULT NULL,
  `DeleteTime` timestamp NOT NULL DEFAULT '0000-00-00 00:00:00',
  `DeleteUserId` varchar(50) DEFAULT NULL,
  PRIMARY KEY (`Id`)
) ENGINE=MyISAM DEFAULT CHARSET=utf8;

-- ----------------------------
-- Records of wf_forms
-- ----------------------------

-- ----------------------------
-- Table structure for `wf_itemdetails`
-- ----------------------------
DROP TABLE IF EXISTS `wf_itemdetails`;
CREATE TABLE `wf_itemdetails` (
  `Id` varchar(50) NOT NULL,
  `ItemId` varchar(50) DEFAULT NULL,
  `ParentId` varchar(50) DEFAULT NULL,
  `ItemCode` varchar(50) DEFAULT NULL,
  `ItemName` varchar(50) DEFAULT NULL,
  `SortCode` int(11) DEFAULT NULL,
  `DeleteMark` tinyint(4) DEFAULT NULL,
  `EnabledMark` tinyint(4) DEFAULT NULL,
  `Description` varchar(255) DEFAULT NULL,
  `CreatorTime` timestamp NOT NULL DEFAULT CURRENT_TIMESTAMP ON UPDATE CURRENT_TIMESTAMP,
  `CreatorUserId` varchar(50) DEFAULT NULL,
  `LastModifyTime` timestamp NOT NULL DEFAULT '0000-00-00 00:00:00',
  `LastModifyUserId` varchar(50) DEFAULT NULL,
  `DeleteTime` timestamp NOT NULL DEFAULT '0000-00-00 00:00:00',
  `DeleteUserId` varchar(50) DEFAULT NULL,
  PRIMARY KEY (`Id`)
) ENGINE=MyISAM DEFAULT CHARSET=utf8;

-- ----------------------------
-- Records of wf_itemdetails
-- ----------------------------

-- ----------------------------
-- Table structure for `wf_items`
-- ----------------------------
DROP TABLE IF EXISTS `wf_items`;
CREATE TABLE `wf_items` (
  `Id` varchar(50) NOT NULL,
  `ParentId` varchar(50) DEFAULT NULL,
  `EnCode` varchar(50) DEFAULT NULL,
  `FullName` varchar(50) DEFAULT NULL,
  `SortCode` int(11) DEFAULT NULL,
  `DeleteMark` tinyint(4) DEFAULT NULL,
  `EnabledMark` tinyint(4) DEFAULT NULL,
  `Description` varchar(255) DEFAULT NULL,
  `CreatorTime` timestamp NOT NULL DEFAULT CURRENT_TIMESTAMP ON UPDATE CURRENT_TIMESTAMP,
  `CreatorUserId` varchar(50) DEFAULT NULL,
  `LastModifyTime` timestamp NOT NULL DEFAULT '0000-00-00 00:00:00',
  `LastModifyUserId` varchar(50) DEFAULT NULL,
  `DeleteTime` timestamp NOT NULL DEFAULT '0000-00-00 00:00:00',
  `DeleteUserId` varchar(50) DEFAULT NULL,
  PRIMARY KEY (`Id`)
) ENGINE=MyISAM DEFAULT CHARSET=utf8;

-- ----------------------------
-- Records of wf_items
-- ----------------------------

-- ----------------------------
-- Table structure for `wf_workcontrols`
-- ----------------------------
DROP TABLE IF EXISTS `wf_workcontrols`;
CREATE TABLE `wf_workcontrols` (
  `Id` varchar(50) NOT NULL,
  `WorkId` varchar(50) DEFAULT NULL,
  `ControlId` varchar(50) DEFAULT NULL,
  `FullName` varchar(255) DEFAULT NULL,
  `ControlType` int(11) DEFAULT NULL,
  `TypeName` varchar(255) DEFAULT NULL,
  `Value` varchar(255) DEFAULT NULL,
  PRIMARY KEY (`Id`)
) ENGINE=MyISAM DEFAULT CHARSET=utf8;

-- ----------------------------
-- Records of wf_workcontrols
-- ----------------------------

-- ----------------------------
-- Table structure for `wf_workfiles`
-- ----------------------------
DROP TABLE IF EXISTS `wf_workfiles`;
CREATE TABLE `wf_workfiles` (
  `Id` varchar(50) NOT NULL,
  `WorkId` varchar(50) DEFAULT NULL,
  `ControlId` varchar(50) DEFAULT NULL,
  `FullName` varchar(255) DEFAULT NULL,
  `Paths` varchar(255) DEFAULT NULL,
  PRIMARY KEY (`Id`)
) ENGINE=MyISAM DEFAULT CHARSET=utf8;

-- ----------------------------
-- Records of wf_workfiles
-- ----------------------------

-- ----------------------------
-- Table structure for `wf_works`
-- ----------------------------
DROP TABLE IF EXISTS `wf_works`;
CREATE TABLE `wf_works` (
  `Id` varchar(50) NOT NULL,
  `FullName` varchar(255) DEFAULT NULL,
  `FlowVersionId` varchar(50) DEFAULT NULL,
  `ApplyUserId` varchar(50) DEFAULT NULL,
  `FlowStatus` int(11) DEFAULT NULL,
  `CurrentNodeId` varchar(50) DEFAULT NULL,
  `CurrentUsers` varchar(255) DEFAULT NULL,
  `Codes` longtext,
  `Contents` longtext,
  `DeleteMark` tinyint(4) DEFAULT NULL,
  `EnabledMark` tinyint(4) DEFAULT NULL,
  `Description` longtext,
  `CreatorTime` timestamp NOT NULL DEFAULT CURRENT_TIMESTAMP ON UPDATE CURRENT_TIMESTAMP,
  `CreatorUserId` varchar(50) DEFAULT NULL,
  `LastModifyTime` timestamp NOT NULL DEFAULT '0000-00-00 00:00:00',
  `LastModifyUserId` varchar(50) DEFAULT NULL,
  `DeleteTime` timestamp NOT NULL DEFAULT '0000-00-00 00:00:00',
  `DeleteUserId` varchar(50) DEFAULT NULL,
  PRIMARY KEY (`Id`)
) ENGINE=MyISAM DEFAULT CHARSET=utf8;

-- ----------------------------
-- Records of wf_works
-- ----------------------------
